W1022 01:22:01.671000 2470611 /mnt/lustre/e1000/home/ec280/ec280/shawn/vtorchtitan/lib/python3.11/site-packages/torch/distributed/run.py:793] 
W1022 01:22:01.671000 2470611 /mnt/lustre/e1000/home/ec280/ec280/shawn/vtorchtitan/lib/python3.11/site-packages/torch/distributed/run.py:793] *****************************************
W1022 01:22:01.671000 2470611 /mnt/lustre/e1000/home/ec280/ec280/shawn/vtorchtitan/lib/python3.11/site-packages/torch/distributed/run.py:793] Setting OMP_NUM_THREADS environment variable for each process to be 1 in default, to avoid your system being overloaded, please further tune the variable for optimal performance in your application as needed. 
W1022 01:22:01.671000 2470611 /mnt/lustre/e1000/home/ec280/ec280/shawn/vtorchtitan/lib/python3.11/site-packages/torch/distributed/run.py:793] *****************************************
W1022 01:22:01.671000 2300699 /mnt/lustre/e1000/home/ec280/ec280/shawn/vtorchtitan/lib/python3.11/site-packages/torch/distributed/run.py:793] 
W1022 01:22:01.671000 2300699 /mnt/lustre/e1000/home/ec280/ec280/shawn/vtorchtitan/lib/python3.11/site-packages/torch/distributed/run.py:793] *****************************************
W1022 01:22:01.671000 2300699 /mnt/lustre/e1000/home/ec280/ec280/shawn/vtorchtitan/lib/python3.11/site-packages/torch/distributed/run.py:793] Setting OMP_NUM_THREADS environment variable for each process to be 1 in default, to avoid your system being overloaded, please further tune the variable for optimal performance in your application as needed. 
W1022 01:22:01.671000 2300699 /mnt/lustre/e1000/home/ec280/ec280/shawn/vtorchtitan/lib/python3.11/site-packages/torch/distributed/run.py:793] *****************************************
W1022 01:22:01.672000 2730668 /mnt/lustre/e1000/home/ec280/ec280/shawn/vtorchtitan/lib/python3.11/site-packages/torch/distributed/run.py:793] 
W1022 01:22:01.672000 2730668 /mnt/lustre/e1000/home/ec280/ec280/shawn/vtorchtitan/lib/python3.11/site-packages/torch/distributed/run.py:793] *****************************************
W1022 01:22:01.672000 2730668 /mnt/lustre/e1000/home/ec280/ec280/shawn/vtorchtitan/lib/python3.11/site-packages/torch/distributed/run.py:793] Setting OMP_NUM_THREADS environment variable for each process to be 1 in default, to avoid your system being overloaded, please further tune the variable for optimal performance in your application as needed. 
W1022 01:22:01.672000 2730668 /mnt/lustre/e1000/home/ec280/ec280/shawn/vtorchtitan/lib/python3.11/site-packages/torch/distributed/run.py:793] *****************************************
W1022 01:22:01.672000 4169922 /mnt/lustre/e1000/home/ec280/ec280/shawn/vtorchtitan/lib/python3.11/site-packages/torch/distributed/run.py:793] 
W1022 01:22:01.672000 4169922 /mnt/lustre/e1000/home/ec280/ec280/shawn/vtorchtitan/lib/python3.11/site-packages/torch/distributed/run.py:793] *****************************************
W1022 01:22:01.672000 4169922 /mnt/lustre/e1000/home/ec280/ec280/shawn/vtorchtitan/lib/python3.11/site-packages/torch/distributed/run.py:793] Setting OMP_NUM_THREADS environment variable for each process to be 1 in default, to avoid your system being overloaded, please further tune the variable for optimal performance in your application as needed. 
W1022 01:22:01.672000 4169922 /mnt/lustre/e1000/home/ec280/ec280/shawn/vtorchtitan/lib/python3.11/site-packages/torch/distributed/run.py:793] *****************************************
I1022 01:22:01.676000 2470611 /mnt/lustre/e1000/home/ec280/ec280/shawn/vtorchtitan/lib/python3.11/site-packages/torch/distributed/launcher/api.py:194] Starting elastic_operator with launch configs:
I1022 01:22:01.676000 2470611 /mnt/lustre/e1000/home/ec280/ec280/shawn/vtorchtitan/lib/python3.11/site-packages/torch/distributed/launcher/api.py:194]   entrypoint       : ./train.py
I1022 01:22:01.676000 2470611 /mnt/lustre/e1000/home/ec280/ec280/shawn/vtorchtitan/lib/python3.11/site-packages/torch/distributed/launcher/api.py:194]   min_nodes        : 4
I1022 01:22:01.676000 2470611 /mnt/lustre/e1000/home/ec280/ec280/shawn/vtorchtitan/lib/python3.11/site-packages/torch/distributed/launcher/api.py:194]   max_nodes        : 4
I1022 01:22:01.676000 2470611 /mnt/lustre/e1000/home/ec280/ec280/shawn/vtorchtitan/lib/python3.11/site-packages/torch/distributed/launcher/api.py:194]   nproc_per_node   : 4
I1022 01:22:01.676000 2470611 /mnt/lustre/e1000/home/ec280/ec280/shawn/vtorchtitan/lib/python3.11/site-packages/torch/distributed/launcher/api.py:194]   run_id           : 101
I1022 01:22:01.676000 2470611 /mnt/lustre/e1000/home/ec280/ec280/shawn/vtorchtitan/lib/python3.11/site-packages/torch/distributed/launcher/api.py:194]   rdzv_backend     : c10d
I1022 01:22:01.676000 2470611 /mnt/lustre/e1000/home/ec280/ec280/shawn/vtorchtitan/lib/python3.11/site-packages/torch/distributed/launcher/api.py:194]   rdzv_endpoint    : 10.148.202.142:29500
I1022 01:22:01.676000 2470611 /mnt/lustre/e1000/home/ec280/ec280/shawn/vtorchtitan/lib/python3.11/site-packages/torch/distributed/launcher/api.py:194]   rdzv_configs     : {'timeout': 900}
I1022 01:22:01.676000 2470611 /mnt/lustre/e1000/home/ec280/ec280/shawn/vtorchtitan/lib/python3.11/site-packages/torch/distributed/launcher/api.py:194]   max_restarts     : 0
I1022 01:22:01.676000 2470611 /mnt/lustre/e1000/home/ec280/ec280/shawn/vtorchtitan/lib/python3.11/site-packages/torch/distributed/launcher/api.py:194]   monitor_interval : 0.1
I1022 01:22:01.676000 2470611 /mnt/lustre/e1000/home/ec280/ec280/shawn/vtorchtitan/lib/python3.11/site-packages/torch/distributed/launcher/api.py:194]   log_dir          : /dev/shm/shawn_6175006/torchelastic_1bi8ljlw
I1022 01:22:01.676000 2470611 /mnt/lustre/e1000/home/ec280/ec280/shawn/vtorchtitan/lib/python3.11/site-packages/torch/distributed/launcher/api.py:194]   metrics_cfg      : {}
I1022 01:22:01.676000 2470611 /mnt/lustre/e1000/home/ec280/ec280/shawn/vtorchtitan/lib/python3.11/site-packages/torch/distributed/launcher/api.py:194] 
I1022 01:22:01.676000 2300699 /mnt/lustre/e1000/home/ec280/ec280/shawn/vtorchtitan/lib/python3.11/site-packages/torch/distributed/launcher/api.py:194] Starting elastic_operator with launch configs:
I1022 01:22:01.676000 2300699 /mnt/lustre/e1000/home/ec280/ec280/shawn/vtorchtitan/lib/python3.11/site-packages/torch/distributed/launcher/api.py:194]   entrypoint       : ./train.py
I1022 01:22:01.676000 2300699 /mnt/lustre/e1000/home/ec280/ec280/shawn/vtorchtitan/lib/python3.11/site-packages/torch/distributed/launcher/api.py:194]   min_nodes        : 4
I1022 01:22:01.676000 2300699 /mnt/lustre/e1000/home/ec280/ec280/shawn/vtorchtitan/lib/python3.11/site-packages/torch/distributed/launcher/api.py:194]   max_nodes        : 4
I1022 01:22:01.676000 2300699 /mnt/lustre/e1000/home/ec280/ec280/shawn/vtorchtitan/lib/python3.11/site-packages/torch/distributed/launcher/api.py:194]   nproc_per_node   : 4
I1022 01:22:01.676000 2300699 /mnt/lustre/e1000/home/ec280/ec280/shawn/vtorchtitan/lib/python3.11/site-packages/torch/distributed/launcher/api.py:194]   run_id           : 101
I1022 01:22:01.676000 2300699 /mnt/lustre/e1000/home/ec280/ec280/shawn/vtorchtitan/lib/python3.11/site-packages/torch/distributed/launcher/api.py:194]   rdzv_backend     : c10d
I1022 01:22:01.676000 2300699 /mnt/lustre/e1000/home/ec280/ec280/shawn/vtorchtitan/lib/python3.11/site-packages/torch/distributed/launcher/api.py:194]   rdzv_endpoint    : 10.148.202.142:29500
I1022 01:22:01.676000 2300699 /mnt/lustre/e1000/home/ec280/ec280/shawn/vtorchtitan/lib/python3.11/site-packages/torch/distributed/launcher/api.py:194]   rdzv_configs     : {'timeout': 900}
I1022 01:22:01.676000 2300699 /mnt/lustre/e1000/home/ec280/ec280/shawn/vtorchtitan/lib/python3.11/site-packages/torch/distributed/launcher/api.py:194]   max_restarts     : 0
I1022 01:22:01.676000 2300699 /mnt/lustre/e1000/home/ec280/ec280/shawn/vtorchtitan/lib/python3.11/site-packages/torch/distributed/launcher/api.py:194]   monitor_interval : 0.1
I1022 01:22:01.676000 2300699 /mnt/lustre/e1000/home/ec280/ec280/shawn/vtorchtitan/lib/python3.11/site-packages/torch/distributed/launcher/api.py:194]   log_dir          : /dev/shm/shawn_6175006/torchelastic_l4zj9tvf
I1022 01:22:01.676000 2300699 /mnt/lustre/e1000/home/ec280/ec280/shawn/vtorchtitan/lib/python3.11/site-packages/torch/distributed/launcher/api.py:194]   metrics_cfg      : {}
I1022 01:22:01.676000 2300699 /mnt/lustre/e1000/home/ec280/ec280/shawn/vtorchtitan/lib/python3.11/site-packages/torch/distributed/launcher/api.py:194] 
I1022 01:22:01.676000 2730668 /mnt/lustre/e1000/home/ec280/ec280/shawn/vtorchtitan/lib/python3.11/site-packages/torch/distributed/launcher/api.py:194] Starting elastic_operator with launch configs:
I1022 01:22:01.676000 2730668 /mnt/lustre/e1000/home/ec280/ec280/shawn/vtorchtitan/lib/python3.11/site-packages/torch/distributed/launcher/api.py:194]   entrypoint       : ./train.py
I1022 01:22:01.676000 2730668 /mnt/lustre/e1000/home/ec280/ec280/shawn/vtorchtitan/lib/python3.11/site-packages/torch/distributed/launcher/api.py:194]   min_nodes        : 4
I1022 01:22:01.676000 2730668 /mnt/lustre/e1000/home/ec280/ec280/shawn/vtorchtitan/lib/python3.11/site-packages/torch/distributed/launcher/api.py:194]   max_nodes        : 4
I1022 01:22:01.676000 2730668 /mnt/lustre/e1000/home/ec280/ec280/shawn/vtorchtitan/lib/python3.11/site-packages/torch/distributed/launcher/api.py:194]   nproc_per_node   : 4
I1022 01:22:01.676000 2730668 /mnt/lustre/e1000/home/ec280/ec280/shawn/vtorchtitan/lib/python3.11/site-packages/torch/distributed/launcher/api.py:194]   run_id           : 101
I1022 01:22:01.676000 2730668 /mnt/lustre/e1000/home/ec280/ec280/shawn/vtorchtitan/lib/python3.11/site-packages/torch/distributed/launcher/api.py:194]   rdzv_backend     : c10d
I1022 01:22:01.676000 2730668 /mnt/lustre/e1000/home/ec280/ec280/shawn/vtorchtitan/lib/python3.11/site-packages/torch/distributed/launcher/api.py:194]   rdzv_endpoint    : 10.148.202.142:29500
I1022 01:22:01.676000 2730668 /mnt/lustre/e1000/home/ec280/ec280/shawn/vtorchtitan/lib/python3.11/site-packages/torch/distributed/launcher/api.py:194]   rdzv_configs     : {'timeout': 900}
I1022 01:22:01.676000 2730668 /mnt/lustre/e1000/home/ec280/ec280/shawn/vtorchtitan/lib/python3.11/site-packages/torch/distributed/launcher/api.py:194]   max_restarts     : 0
I1022 01:22:01.676000 2730668 /mnt/lustre/e1000/home/ec280/ec280/shawn/vtorchtitan/lib/python3.11/site-packages/torch/distributed/launcher/api.py:194]   monitor_interval : 0.1
I1022 01:22:01.676000 2730668 /mnt/lustre/e1000/home/ec280/ec280/shawn/vtorchtitan/lib/python3.11/site-packages/torch/distributed/launcher/api.py:194]   log_dir          : /dev/shm/shawn_6175006/torchelastic_uwxbqd_m
I1022 01:22:01.676000 2730668 /mnt/lustre/e1000/home/ec280/ec280/shawn/vtorchtitan/lib/python3.11/site-packages/torch/distributed/launcher/api.py:194]   metrics_cfg      : {}
I1022 01:22:01.676000 2730668 /mnt/lustre/e1000/home/ec280/ec280/shawn/vtorchtitan/lib/python3.11/site-packages/torch/distributed/launcher/api.py:194] 
I1022 01:22:01.677000 4169922 /mnt/lustre/e1000/home/ec280/ec280/shawn/vtorchtitan/lib/python3.11/site-packages/torch/distributed/launcher/api.py:194] Starting elastic_operator with launch configs:
I1022 01:22:01.677000 4169922 /mnt/lustre/e1000/home/ec280/ec280/shawn/vtorchtitan/lib/python3.11/site-packages/torch/distributed/launcher/api.py:194]   entrypoint       : ./train.py
I1022 01:22:01.677000 4169922 /mnt/lustre/e1000/home/ec280/ec280/shawn/vtorchtitan/lib/python3.11/site-packages/torch/distributed/launcher/api.py:194]   min_nodes        : 4
I1022 01:22:01.677000 4169922 /mnt/lustre/e1000/home/ec280/ec280/shawn/vtorchtitan/lib/python3.11/site-packages/torch/distributed/launcher/api.py:194]   max_nodes        : 4
I1022 01:22:01.677000 4169922 /mnt/lustre/e1000/home/ec280/ec280/shawn/vtorchtitan/lib/python3.11/site-packages/torch/distributed/launcher/api.py:194]   nproc_per_node   : 4
I1022 01:22:01.677000 4169922 /mnt/lustre/e1000/home/ec280/ec280/shawn/vtorchtitan/lib/python3.11/site-packages/torch/distributed/launcher/api.py:194]   run_id           : 101
I1022 01:22:01.677000 4169922 /mnt/lustre/e1000/home/ec280/ec280/shawn/vtorchtitan/lib/python3.11/site-packages/torch/distributed/launcher/api.py:194]   rdzv_backend     : c10d
I1022 01:22:01.677000 4169922 /mnt/lustre/e1000/home/ec280/ec280/shawn/vtorchtitan/lib/python3.11/site-packages/torch/distributed/launcher/api.py:194]   rdzv_endpoint    : 10.148.202.142:29500
I1022 01:22:01.677000 4169922 /mnt/lustre/e1000/home/ec280/ec280/shawn/vtorchtitan/lib/python3.11/site-packages/torch/distributed/launcher/api.py:194]   rdzv_configs     : {'timeout': 900}
I1022 01:22:01.677000 4169922 /mnt/lustre/e1000/home/ec280/ec280/shawn/vtorchtitan/lib/python3.11/site-packages/torch/distributed/launcher/api.py:194]   max_restarts     : 0
I1022 01:22:01.677000 4169922 /mnt/lustre/e1000/home/ec280/ec280/shawn/vtorchtitan/lib/python3.11/site-packages/torch/distributed/launcher/api.py:194]   monitor_interval : 0.1
I1022 01:22:01.677000 4169922 /mnt/lustre/e1000/home/ec280/ec280/shawn/vtorchtitan/lib/python3.11/site-packages/torch/distributed/launcher/api.py:194]   log_dir          : /dev/shm/shawn_6175006/torchelastic_cyvarsiw
I1022 01:22:01.677000 4169922 /mnt/lustre/e1000/home/ec280/ec280/shawn/vtorchtitan/lib/python3.11/site-packages/torch/distributed/launcher/api.py:194]   metrics_cfg      : {}
I1022 01:22:01.677000 4169922 /mnt/lustre/e1000/home/ec280/ec280/shawn/vtorchtitan/lib/python3.11/site-packages/torch/distributed/launcher/api.py:194] 
I1022 01:22:01.830000 4169922 /mnt/lustre/e1000/home/ec280/ec280/shawn/vtorchtitan/lib/python3.11/site-packages/torch/distributed/elastic/agent/server/api.py:860] [default] starting workers for entrypoint: python
I1022 01:22:01.834000 4169922 /mnt/lustre/e1000/home/ec280/ec280/shawn/vtorchtitan/lib/python3.11/site-packages/torch/distributed/elastic/agent/server/api.py:677] [default] Rendezvous'ing worker group
I1022 01:22:02.161000 2730668 /mnt/lustre/e1000/home/ec280/ec280/shawn/vtorchtitan/lib/python3.11/site-packages/torch/distributed/elastic/agent/server/api.py:860] [default] starting workers for entrypoint: python
I1022 01:22:02.161000 2470611 /mnt/lustre/e1000/home/ec280/ec280/shawn/vtorchtitan/lib/python3.11/site-packages/torch/distributed/elastic/agent/server/api.py:860] [default] starting workers for entrypoint: python
I1022 01:22:02.166000 2730668 /mnt/lustre/e1000/home/ec280/ec280/shawn/vtorchtitan/lib/python3.11/site-packages/torch/distributed/elastic/agent/server/api.py:677] [default] Rendezvous'ing worker group
I1022 01:22:02.166000 2470611 /mnt/lustre/e1000/home/ec280/ec280/shawn/vtorchtitan/lib/python3.11/site-packages/torch/distributed/elastic/agent/server/api.py:677] [default] Rendezvous'ing worker group
I1022 01:22:02.335000 2300699 /mnt/lustre/e1000/home/ec280/ec280/shawn/vtorchtitan/lib/python3.11/site-packages/torch/distributed/elastic/agent/server/api.py:860] [default] starting workers for entrypoint: python
I1022 01:22:02.338000 2300699 /mnt/lustre/e1000/home/ec280/ec280/shawn/vtorchtitan/lib/python3.11/site-packages/torch/distributed/elastic/agent/server/api.py:677] [default] Rendezvous'ing worker group
I1022 01:22:03.725000 4169922 /mnt/lustre/e1000/home/ec280/ec280/shawn/vtorchtitan/lib/python3.11/site-packages/torch/distributed/elastic/agent/server/api.py:525] [default] Rendezvous complete for workers. Result:
I1022 01:22:03.725000 4169922 /mnt/lustre/e1000/home/ec280/ec280/shawn/vtorchtitan/lib/python3.11/site-packages/torch/distributed/elastic/agent/server/api.py:525]   restart_count=0
I1022 01:22:03.725000 4169922 /mnt/lustre/e1000/home/ec280/ec280/shawn/vtorchtitan/lib/python3.11/site-packages/torch/distributed/elastic/agent/server/api.py:525]   master_addr=10.148.202.142
I1022 01:22:03.725000 4169922 /mnt/lustre/e1000/home/ec280/ec280/shawn/vtorchtitan/lib/python3.11/site-packages/torch/distributed/elastic/agent/server/api.py:525]   master_port=35415
I1022 01:22:03.725000 4169922 /mnt/lustre/e1000/home/ec280/ec280/shawn/vtorchtitan/lib/python3.11/site-packages/torch/distributed/elastic/agent/server/api.py:525]   group_rank=0
I1022 01:22:03.725000 4169922 /mnt/lustre/e1000/home/ec280/ec280/shawn/vtorchtitan/lib/python3.11/site-packages/torch/distributed/elastic/agent/server/api.py:525]   group_world_size=4
I1022 01:22:03.725000 4169922 /mnt/lustre/e1000/home/ec280/ec280/shawn/vtorchtitan/lib/python3.11/site-packages/torch/distributed/elastic/agent/server/api.py:525]   local_ranks=[0, 1, 2, 3]
I1022 01:22:03.725000 4169922 /mnt/lustre/e1000/home/ec280/ec280/shawn/vtorchtitan/lib/python3.11/site-packages/torch/distributed/elastic/agent/server/api.py:525]   role_ranks=[0, 1, 2, 3]
I1022 01:22:03.725000 4169922 /mnt/lustre/e1000/home/ec280/ec280/shawn/vtorchtitan/lib/python3.11/site-packages/torch/distributed/elastic/agent/server/api.py:525]   global_ranks=[0, 1, 2, 3]
I1022 01:22:03.725000 4169922 /mnt/lustre/e1000/home/ec280/ec280/shawn/vtorchtitan/lib/python3.11/site-packages/torch/distributed/elastic/agent/server/api.py:525]   role_world_sizes=[16, 16, 16, 16]
I1022 01:22:03.725000 4169922 /mnt/lustre/e1000/home/ec280/ec280/shawn/vtorchtitan/lib/python3.11/site-packages/torch/distributed/elastic/agent/server/api.py:525]   global_world_sizes=[16, 16, 16, 16]
I1022 01:22:03.725000 4169922 /mnt/lustre/e1000/home/ec280/ec280/shawn/vtorchtitan/lib/python3.11/site-packages/torch/distributed/elastic/agent/server/api.py:525] 
I1022 01:22:03.725000 2470611 /mnt/lustre/e1000/home/ec280/ec280/shawn/vtorchtitan/lib/python3.11/site-packages/torch/distributed/elastic/agent/server/api.py:525] [default] Rendezvous complete for workers. Result:
I1022 01:22:03.725000 2470611 /mnt/lustre/e1000/home/ec280/ec280/shawn/vtorchtitan/lib/python3.11/site-packages/torch/distributed/elastic/agent/server/api.py:525]   restart_count=0
I1022 01:22:03.725000 2470611 /mnt/lustre/e1000/home/ec280/ec280/shawn/vtorchtitan/lib/python3.11/site-packages/torch/distributed/elastic/agent/server/api.py:525]   master_addr=10.148.202.142
I1022 01:22:03.725000 2470611 /mnt/lustre/e1000/home/ec280/ec280/shawn/vtorchtitan/lib/python3.11/site-packages/torch/distributed/elastic/agent/server/api.py:525]   master_port=35415
I1022 01:22:03.725000 2470611 /mnt/lustre/e1000/home/ec280/ec280/shawn/vtorchtitan/lib/python3.11/site-packages/torch/distributed/elastic/agent/server/api.py:525]   group_rank=2
I1022 01:22:03.725000 2470611 /mnt/lustre/e1000/home/ec280/ec280/shawn/vtorchtitan/lib/python3.11/site-packages/torch/distributed/elastic/agent/server/api.py:525]   group_world_size=4
I1022 01:22:03.725000 2470611 /mnt/lustre/e1000/home/ec280/ec280/shawn/vtorchtitan/lib/python3.11/site-packages/torch/distributed/elastic/agent/server/api.py:525]   local_ranks=[0, 1, 2, 3]
I1022 01:22:03.725000 2470611 /mnt/lustre/e1000/home/ec280/ec280/shawn/vtorchtitan/lib/python3.11/site-packages/torch/distributed/elastic/agent/server/api.py:525]   role_ranks=[8, 9, 10, 11]
I1022 01:22:03.725000 2470611 /mnt/lustre/e1000/home/ec280/ec280/shawn/vtorchtitan/lib/python3.11/site-packages/torch/distributed/elastic/agent/server/api.py:525]   global_ranks=[8, 9, 10, 11]
I1022 01:22:03.725000 2470611 /mnt/lustre/e1000/home/ec280/ec280/shawn/vtorchtitan/lib/python3.11/site-packages/torch/distributed/elastic/agent/server/api.py:525]   role_world_sizes=[16, 16, 16, 16]
I1022 01:22:03.725000 2470611 /mnt/lustre/e1000/home/ec280/ec280/shawn/vtorchtitan/lib/python3.11/site-packages/torch/distributed/elastic/agent/server/api.py:525]   global_world_sizes=[16, 16, 16, 16]
I1022 01:22:03.725000 2470611 /mnt/lustre/e1000/home/ec280/ec280/shawn/vtorchtitan/lib/python3.11/site-packages/torch/distributed/elastic/agent/server/api.py:525] 
I1022 01:22:03.725000 2300699 /mnt/lustre/e1000/home/ec280/ec280/shawn/vtorchtitan/lib/python3.11/site-packages/torch/distributed/elastic/agent/server/api.py:525] [default] Rendezvous complete for workers. Result:
I1022 01:22:03.725000 2300699 /mnt/lustre/e1000/home/ec280/ec280/shawn/vtorchtitan/lib/python3.11/site-packages/torch/distributed/elastic/agent/server/api.py:525]   restart_count=0
I1022 01:22:03.725000 2300699 /mnt/lustre/e1000/home/ec280/ec280/shawn/vtorchtitan/lib/python3.11/site-packages/torch/distributed/elastic/agent/server/api.py:525]   master_addr=10.148.202.142
I1022 01:22:03.725000 2300699 /mnt/lustre/e1000/home/ec280/ec280/shawn/vtorchtitan/lib/python3.11/site-packages/torch/distributed/elastic/agent/server/api.py:525]   master_port=35415
I1022 01:22:03.725000 2300699 /mnt/lustre/e1000/home/ec280/ec280/shawn/vtorchtitan/lib/python3.11/site-packages/torch/distributed/elastic/agent/server/api.py:525]   group_rank=3
I1022 01:22:03.725000 2300699 /mnt/lustre/e1000/home/ec280/ec280/shawn/vtorchtitan/lib/python3.11/site-packages/torch/distributed/elastic/agent/server/api.py:525]   group_world_size=4
I1022 01:22:03.725000 2300699 /mnt/lustre/e1000/home/ec280/ec280/shawn/vtorchtitan/lib/python3.11/site-packages/torch/distributed/elastic/agent/server/api.py:525]   local_ranks=[0, 1, 2, 3]
I1022 01:22:03.725000 2300699 /mnt/lustre/e1000/home/ec280/ec280/shawn/vtorchtitan/lib/python3.11/site-packages/torch/distributed/elastic/agent/server/api.py:525]   role_ranks=[12, 13, 14, 15]
I1022 01:22:03.725000 2300699 /mnt/lustre/e1000/home/ec280/ec280/shawn/vtorchtitan/lib/python3.11/site-packages/torch/distributed/elastic/agent/server/api.py:525]   global_ranks=[12, 13, 14, 15]
I1022 01:22:03.725000 2300699 /mnt/lustre/e1000/home/ec280/ec280/shawn/vtorchtitan/lib/python3.11/site-packages/torch/distributed/elastic/agent/server/api.py:525]   role_world_sizes=[16, 16, 16, 16]
I1022 01:22:03.725000 2300699 /mnt/lustre/e1000/home/ec280/ec280/shawn/vtorchtitan/lib/python3.11/site-packages/torch/distributed/elastic/agent/server/api.py:525]   global_world_sizes=[16, 16, 16, 16]
I1022 01:22:03.725000 2300699 /mnt/lustre/e1000/home/ec280/ec280/shawn/vtorchtitan/lib/python3.11/site-packages/torch/distributed/elastic/agent/server/api.py:525] 
I1022 01:22:03.725000 2730668 /mnt/lustre/e1000/home/ec280/ec280/shawn/vtorchtitan/lib/python3.11/site-packages/torch/distributed/elastic/agent/server/api.py:525] [default] Rendezvous complete for workers. Result:
I1022 01:22:03.725000 2730668 /mnt/lustre/e1000/home/ec280/ec280/shawn/vtorchtitan/lib/python3.11/site-packages/torch/distributed/elastic/agent/server/api.py:525]   restart_count=0
I1022 01:22:03.725000 2730668 /mnt/lustre/e1000/home/ec280/ec280/shawn/vtorchtitan/lib/python3.11/site-packages/torch/distributed/elastic/agent/server/api.py:525]   master_addr=10.148.202.142
I1022 01:22:03.725000 2730668 /mnt/lustre/e1000/home/ec280/ec280/shawn/vtorchtitan/lib/python3.11/site-packages/torch/distributed/elastic/agent/server/api.py:525]   master_port=35415
I1022 01:22:03.725000 2730668 /mnt/lustre/e1000/home/ec280/ec280/shawn/vtorchtitan/lib/python3.11/site-packages/torch/distributed/elastic/agent/server/api.py:525]   group_rank=1
I1022 01:22:03.725000 2730668 /mnt/lustre/e1000/home/ec280/ec280/shawn/vtorchtitan/lib/python3.11/site-packages/torch/distributed/elastic/agent/server/api.py:525]   group_world_size=4
I1022 01:22:03.725000 2730668 /mnt/lustre/e1000/home/ec280/ec280/shawn/vtorchtitan/lib/python3.11/site-packages/torch/distributed/elastic/agent/server/api.py:525]   local_ranks=[0, 1, 2, 3]
I1022 01:22:03.725000 2730668 /mnt/lustre/e1000/home/ec280/ec280/shawn/vtorchtitan/lib/python3.11/site-packages/torch/distributed/elastic/agent/server/api.py:525]   role_ranks=[4, 5, 6, 7]
I1022 01:22:03.725000 2730668 /mnt/lustre/e1000/home/ec280/ec280/shawn/vtorchtitan/lib/python3.11/site-packages/torch/distributed/elastic/agent/server/api.py:525]   global_ranks=[4, 5, 6, 7]
I1022 01:22:03.725000 2730668 /mnt/lustre/e1000/home/ec280/ec280/shawn/vtorchtitan/lib/python3.11/site-packages/torch/distributed/elastic/agent/server/api.py:525]   role_world_sizes=[16, 16, 16, 16]
I1022 01:22:03.725000 2730668 /mnt/lustre/e1000/home/ec280/ec280/shawn/vtorchtitan/lib/python3.11/site-packages/torch/distributed/elastic/agent/server/api.py:525]   global_world_sizes=[16, 16, 16, 16]
I1022 01:22:03.725000 2730668 /mnt/lustre/e1000/home/ec280/ec280/shawn/vtorchtitan/lib/python3.11/site-packages/torch/distributed/elastic/agent/server/api.py:525] 
I1022 01:22:03.729000 4169922 /mnt/lustre/e1000/home/ec280/ec280/shawn/vtorchtitan/lib/python3.11/site-packages/torch/distributed/elastic/agent/server/api.py:685] [default] Starting worker group
I1022 01:22:03.729000 2470611 /mnt/lustre/e1000/home/ec280/ec280/shawn/vtorchtitan/lib/python3.11/site-packages/torch/distributed/elastic/agent/server/api.py:685] [default] Starting worker group
I1022 01:22:03.729000 2300699 /mnt/lustre/e1000/home/ec280/ec280/shawn/vtorchtitan/lib/python3.11/site-packages/torch/distributed/elastic/agent/server/api.py:685] [default] Starting worker group
I1022 01:22:03.730000 2730668 /mnt/lustre/e1000/home/ec280/ec280/shawn/vtorchtitan/lib/python3.11/site-packages/torch/distributed/elastic/agent/server/api.py:685] [default] Starting worker group
I1022 01:22:03.733000 2470611 /mnt/lustre/e1000/home/ec280/ec280/shawn/vtorchtitan/lib/python3.11/site-packages/torch/distributed/elastic/agent/server/local_elastic_agent.py:298] use_agent_store: True
I1022 01:22:03.732000 4169922 /mnt/lustre/e1000/home/ec280/ec280/shawn/vtorchtitan/lib/python3.11/site-packages/torch/distributed/elastic/agent/server/local_elastic_agent.py:298] use_agent_store: True
I1022 01:22:03.733000 2300699 /mnt/lustre/e1000/home/ec280/ec280/shawn/vtorchtitan/lib/python3.11/site-packages/torch/distributed/elastic/agent/server/local_elastic_agent.py:298] use_agent_store: True
I1022 01:22:03.734000 2730668 /mnt/lustre/e1000/home/ec280/ec280/shawn/vtorchtitan/lib/python3.11/site-packages/torch/distributed/elastic/agent/server/local_elastic_agent.py:298] use_agent_store: True
I1022 01:22:03.736000 2470611 /mnt/lustre/e1000/home/ec280/ec280/shawn/vtorchtitan/lib/python3.11/site-packages/torch/distributed/elastic/agent/server/local_elastic_agent.py:192] Environment variable 'TORCHELASTIC_ENABLE_FILE_TIMER' not found. Do not start FileTimerServer.
I1022 01:22:03.736000 4169922 /mnt/lustre/e1000/home/ec280/ec280/shawn/vtorchtitan/lib/python3.11/site-packages/torch/distributed/elastic/agent/server/local_elastic_agent.py:192] Environment variable 'TORCHELASTIC_ENABLE_FILE_TIMER' not found. Do not start FileTimerServer.
I1022 01:22:03.737000 2300699 /mnt/lustre/e1000/home/ec280/ec280/shawn/vtorchtitan/lib/python3.11/site-packages/torch/distributed/elastic/agent/server/local_elastic_agent.py:192] Environment variable 'TORCHELASTIC_ENABLE_FILE_TIMER' not found. Do not start FileTimerServer.
I1022 01:22:03.739000 2730668 /mnt/lustre/e1000/home/ec280/ec280/shawn/vtorchtitan/lib/python3.11/site-packages/torch/distributed/elastic/agent/server/local_elastic_agent.py:192] Environment variable 'TORCHELASTIC_ENABLE_FILE_TIMER' not found. Do not start FileTimerServer.
I1022 01:22:03.740000 2470611 /mnt/lustre/e1000/home/ec280/ec280/shawn/vtorchtitan/lib/python3.11/site-packages/torch/distributed/elastic/agent/server/local_elastic_agent.py:236] Environment variable 'TORCHELASTIC_HEALTH_CHECK_PORT' not found. Do not start health check.
I1022 01:22:03.740000 4169922 /mnt/lustre/e1000/home/ec280/ec280/shawn/vtorchtitan/lib/python3.11/site-packages/torch/distributed/elastic/agent/server/local_elastic_agent.py:236] Environment variable 'TORCHELASTIC_HEALTH_CHECK_PORT' not found. Do not start health check.
I1022 01:22:03.741000 2300699 /mnt/lustre/e1000/home/ec280/ec280/shawn/vtorchtitan/lib/python3.11/site-packages/torch/distributed/elastic/agent/server/local_elastic_agent.py:236] Environment variable 'TORCHELASTIC_HEALTH_CHECK_PORT' not found. Do not start health check.
I1022 01:22:03.743000 2730668 /mnt/lustre/e1000/home/ec280/ec280/shawn/vtorchtitan/lib/python3.11/site-packages/torch/distributed/elastic/agent/server/local_elastic_agent.py:236] Environment variable 'TORCHELASTIC_HEALTH_CHECK_PORT' not found. Do not start health check.
2024-10-22 01:23:11,802 - root - INFO - Starting job: Llama 3 test model multi-node training
2024-10-22 01:23:11,802 - root - INFO - Starting job: Llama 3 test model multi-node training
2024-10-22 01:23:11,802 - root - INFO - Starting job: Llama 3 test model multi-node training
2024-10-22 01:23:11,802 - root - INFO - Starting job: Llama 3 test model multi-node training
2024-10-22 01:23:11,802 - root - INFO - Starting job: Llama 3 test model multi-node training
2024-10-22 01:23:11,802 - root - INFO - Starting job: Llama 3 test model multi-node training
2024-10-22 01:23:11,802 - root - INFO - Starting job: Llama 3 test model multi-node training
2024-10-22 01:23:11,802 - root - INFO - Starting job: Llama 3 test model multi-node training
2024-10-22 01:23:11,802 - root - INFO - Starting job: Llama 3 test model multi-node training
2024-10-22 01:23:11,802 - root - INFO - Starting job: Llama 3 test model multi-node training
2024-10-22 01:23:11,802 - root - INFO - Starting job: Llama 3 test model multi-node training
2024-10-22 01:23:11,802 - root - INFO - Starting job: Llama 3 test model multi-node training
2024-10-22 01:23:11,802 - root - INFO - Starting job: Llama 3 test model multi-node training
2024-10-22 01:23:11,802 - root - INFO - Starting job: Llama 3 test model multi-node training
2024-10-22 01:23:11,802 - root - INFO - Starting job: Llama 3 test model multi-node training
2024-10-22 01:23:11,802 - root - INFO - Starting job: Llama 3 test model multi-node training
2024-10-22 01:23:11,803 - root - INFO - Deterministic training off
2024-10-22 01:23:11,803 - root - INFO - Deterministic training off
2024-10-22 01:23:11,803 - root - INFO - Deterministic training off
2024-10-22 01:23:11,803 - root - INFO - Deterministic training off
2024-10-22 01:23:11,803 - root - INFO - Deterministic training off
2024-10-22 01:23:11,803 - root - INFO - Deterministic training off
2024-10-22 01:23:11,803 - root - INFO - Deterministic training off
2024-10-22 01:23:11,803 - root - INFO - Deterministic training off
2024-10-22 01:23:11,803 - root - INFO - Deterministic training off
2024-10-22 01:23:11,803 - root - INFO - Deterministic training off
2024-10-22 01:23:11,803 - root - INFO - Deterministic training off
2024-10-22 01:23:11,803 - root - INFO - Deterministic training off
2024-10-22 01:23:11,803 - root - INFO - Deterministic training off
2024-10-22 01:23:11,803 - root - INFO - Deterministic training off
2024-10-22 01:23:11,803 - root - INFO - Deterministic training off
2024-10-22 01:23:11,803 - root - INFO - Deterministic training off
2024-10-22 01:23:14,985 - root - WARNING - ENV[TORCH_NCCL_ASYNC_ERROR_HANDLING] = 1 will be overridden to 3 based on job config
2024-10-22 01:23:14,986 - root - WARNING - ENV[TORCH_NCCL_ASYNC_ERROR_HANDLING] = 1 will be overridden to 3 based on job config
2024-10-22 01:23:14,986 - root - WARNING - ENV[TORCH_NCCL_ASYNC_ERROR_HANDLING] = 1 will be overridden to 3 based on job config
2024-10-22 01:23:14,986 - root - WARNING - ENV[TORCH_NCCL_ASYNC_ERROR_HANDLING] = 1 will be overridden to 3 based on job config
2024-10-22 01:23:15,115 - root - INFO - GPU capacity: Tesla V100-SXM2-16GB (0) with 15.77GiB memory
2024-10-22 01:23:15,115 - root - INFO - GPU capacity: Tesla V100-SXM2-16GB (0) with 15.77GiB memory
2024-10-22 01:23:15,115 - root - INFO - GPU capacity: Tesla V100-SXM2-16GB (0) with 15.77GiB memory
2024-10-22 01:23:15,117 - root - INFO - GPU capacity: Tesla V100-SXM2-16GB (0) with 15.77GiB memory
2024-10-22 01:23:15,266 - root - INFO - Peak FLOPS used for computing MFU: 3.120e+14
2024-10-22 01:23:15,266 - root - INFO - Building 2-D device mesh with ['pp', 'dp'], [4, 4]
2024-10-22 01:23:15,273 - root - INFO - Peak FLOPS used for computing MFU: 3.120e+14
2024-10-22 01:23:15,274 - root - INFO - Building 2-D device mesh with ['pp', 'dp'], [4, 4]
2024-10-22 01:23:15,292 - root - INFO - Peak FLOPS used for computing MFU: 3.120e+14
2024-10-22 01:23:15,293 - root - INFO - Building 2-D device mesh with ['pp', 'dp'], [4, 4]
2024-10-22 01:23:15,296 - root - INFO - Peak FLOPS used for computing MFU: 3.120e+14
2024-10-22 01:23:15,296 - root - INFO - Building 2-D device mesh with ['pp', 'dp'], [4, 4]
2024-10-22 01:23:15,347 - root - WARNING - ENV[TORCH_NCCL_ASYNC_ERROR_HANDLING] = 1 will be overridden to 3 based on job config
2024-10-22 01:23:15,351 - root - WARNING - ENV[TORCH_NCCL_ASYNC_ERROR_HANDLING] = 1 will be overridden to 3 based on job config
2024-10-22 01:23:15,351 - root - WARNING - ENV[TORCH_NCCL_ASYNC_ERROR_HANDLING] = 1 will be overridden to 3 based on job config
2024-10-22 01:23:15,358 - root - INFO - GPU capacity: Tesla V100-SXM2-16GB (1) with 15.77GiB memory
2024-10-22 01:23:15,360 - root - WARNING - ENV[TORCH_NCCL_ASYNC_ERROR_HANDLING] = 1 will be overridden to 3 based on job config
2024-10-22 01:23:15,361 - root - INFO - GPU capacity: Tesla V100-SXM2-16GB (2) with 15.77GiB memory
2024-10-22 01:23:15,362 - root - WARNING - ENV[TORCH_NCCL_ASYNC_ERROR_HANDLING] = 1 will be overridden to 3 based on job config
2024-10-22 01:23:15,362 - root - WARNING - ENV[TORCH_NCCL_ASYNC_ERROR_HANDLING] = 1 will be overridden to 3 based on job config
2024-10-22 01:23:15,362 - root - INFO - GPU capacity: Tesla V100-SXM2-16GB (3) with 15.77GiB memory
2024-10-22 01:23:15,363 - root - WARNING - ENV[TORCH_NCCL_ASYNC_ERROR_HANDLING] = 1 will be overridden to 3 based on job config
2024-10-22 01:23:15,364 - root - WARNING - ENV[TORCH_NCCL_ASYNC_ERROR_HANDLING] = 1 will be overridden to 3 based on job config
2024-10-22 01:23:15,365 - root - WARNING - ENV[TORCH_NCCL_ASYNC_ERROR_HANDLING] = 1 will be overridden to 3 based on job config
2024-10-22 01:23:15,368 - root - WARNING - ENV[TORCH_NCCL_ASYNC_ERROR_HANDLING] = 1 will be overridden to 3 based on job config
2024-10-22 01:23:15,368 - root - WARNING - ENV[TORCH_NCCL_ASYNC_ERROR_HANDLING] = 1 will be overridden to 3 based on job config
2024-10-22 01:23:15,369 - root - WARNING - ENV[TORCH_NCCL_ASYNC_ERROR_HANDLING] = 1 will be overridden to 3 based on job config
2024-10-22 01:23:15,373 - root - INFO - GPU capacity: Tesla V100-SXM2-16GB (1) with 15.77GiB memory
2024-10-22 01:23:15,374 - root - INFO - GPU capacity: Tesla V100-SXM2-16GB (2) with 15.77GiB memory
2024-10-22 01:23:15,373 - root - INFO - GPU capacity: Tesla V100-SXM2-16GB (3) with 15.77GiB memory
2024-10-22 01:23:15,375 - root - INFO - GPU capacity: Tesla V100-SXM2-16GB (2) with 15.77GiB memory
2024-10-22 01:23:15,375 - root - INFO - GPU capacity: Tesla V100-SXM2-16GB (3) with 15.77GiB memory
2024-10-22 01:23:15,377 - root - INFO - GPU capacity: Tesla V100-SXM2-16GB (1) with 15.77GiB memory
2024-10-22 01:23:15,380 - root - INFO - GPU capacity: Tesla V100-SXM2-16GB (1) with 15.77GiB memory
2024-10-22 01:23:15,380 - root - INFO - GPU capacity: Tesla V100-SXM2-16GB (3) with 15.77GiB memory
2024-10-22 01:23:15,381 - root - INFO - GPU capacity: Tesla V100-SXM2-16GB (2) with 15.77GiB memory
2024-10-22 01:23:15,532 - root - INFO - Peak FLOPS used for computing MFU: 3.120e+14
2024-10-22 01:23:15,533 - root - INFO - Building 2-D device mesh with ['pp', 'dp'], [4, 4]
2024-10-22 01:23:15,535 - root - INFO - Peak FLOPS used for computing MFU: 3.120e+14
2024-10-22 01:23:15,535 - root - INFO - Building 2-D device mesh with ['pp', 'dp'], [4, 4]
2024-10-22 01:23:15,536 - root - INFO - Peak FLOPS used for computing MFU: 3.120e+14
2024-10-22 01:23:15,536 - root - INFO - Building 2-D device mesh with ['pp', 'dp'], [4, 4]
2024-10-22 01:23:15,544 - root - INFO - Peak FLOPS used for computing MFU: 3.120e+14
2024-10-22 01:23:15,544 - root - INFO - Building 2-D device mesh with ['pp', 'dp'], [4, 4]
2024-10-22 01:23:15,546 - root - INFO - Peak FLOPS used for computing MFU: 3.120e+14
2024-10-22 01:23:15,546 - root - INFO - Building 2-D device mesh with ['pp', 'dp'], [4, 4]
2024-10-22 01:23:15,546 - root - INFO - Peak FLOPS used for computing MFU: 3.120e+14
2024-10-22 01:23:15,546 - root - INFO - Building 2-D device mesh with ['pp', 'dp'], [4, 4]
2024-10-22 01:23:15,547 - root - INFO - Peak FLOPS used for computing MFU: 3.120e+14
2024-10-22 01:23:15,547 - root - INFO - Building 2-D device mesh with ['pp', 'dp'], [4, 4]
2024-10-22 01:23:15,547 - root - INFO - Peak FLOPS used for computing MFU: 3.120e+14
2024-10-22 01:23:15,547 - root - INFO - Peak FLOPS used for computing MFU: 3.120e+14
2024-10-22 01:23:15,548 - root - INFO - Building 2-D device mesh with ['pp', 'dp'], [4, 4]
2024-10-22 01:23:15,548 - root - INFO - Building 2-D device mesh with ['pp', 'dp'], [4, 4]
2024-10-22 01:23:15,548 - root - INFO - Peak FLOPS used for computing MFU: 3.120e+14
2024-10-22 01:23:15,548 - root - INFO - Building 2-D device mesh with ['pp', 'dp'], [4, 4]
2024-10-22 01:23:15,548 - root - INFO - Peak FLOPS used for computing MFU: 3.120e+14
2024-10-22 01:23:15,548 - root - INFO - Building 2-D device mesh with ['pp', 'dp'], [4, 4]
2024-10-22 01:23:15,550 - root - INFO - Peak FLOPS used for computing MFU: 3.120e+14
2024-10-22 01:23:15,550 - root - INFO - Building 2-D device mesh with ['pp', 'dp'], [4, 4]
2024-10-22 01:23:15,949 - root - INFO - Building tiktoken tokenizer locally from ./torchtitan/datasets/tokenizer/original/tokenizer.model
2024-10-22 01:23:15,949 - root - INFO - Building tiktoken tokenizer locally from ./torchtitan/datasets/tokenizer/original/tokenizer.model
2024-10-22 01:23:15,949 - root - INFO - Building tiktoken tokenizer locally from ./torchtitan/datasets/tokenizer/original/tokenizer.model
2024-10-22 01:23:15,949 - root - INFO - Building tiktoken tokenizer locally from ./torchtitan/datasets/tokenizer/original/tokenizer.model
2024-10-22 01:23:15,950 - root - INFO - Building tiktoken tokenizer locally from ./torchtitan/datasets/tokenizer/original/tokenizer.model
2024-10-22 01:23:15,950 - root - INFO - Building tiktoken tokenizer locally from ./torchtitan/datasets/tokenizer/original/tokenizer.model
2024-10-22 01:23:15,950 - root - INFO - Building tiktoken tokenizer locally from ./torchtitan/datasets/tokenizer/original/tokenizer.model
2024-10-22 01:23:15,950 - root - INFO - Building tiktoken tokenizer locally from ./torchtitan/datasets/tokenizer/original/tokenizer.model
2024-10-22 01:23:15,950 - root - INFO - Building tiktoken tokenizer locally from ./torchtitan/datasets/tokenizer/original/tokenizer.model
2024-10-22 01:23:15,950 - root - INFO - Building tiktoken tokenizer locally from ./torchtitan/datasets/tokenizer/original/tokenizer.model
2024-10-22 01:23:15,950 - root - INFO - Building tiktoken tokenizer locally from ./torchtitan/datasets/tokenizer/original/tokenizer.model
2024-10-22 01:23:15,950 - root - INFO - Building tiktoken tokenizer locally from ./torchtitan/datasets/tokenizer/original/tokenizer.model
2024-10-22 01:23:15,950 - root - INFO - Building tiktoken tokenizer locally from ./torchtitan/datasets/tokenizer/original/tokenizer.model
2024-10-22 01:23:15,950 - root - INFO - Building tiktoken tokenizer locally from ./torchtitan/datasets/tokenizer/original/tokenizer.model
2024-10-22 01:23:15,950 - root - INFO - Building tiktoken tokenizer locally from ./torchtitan/datasets/tokenizer/original/tokenizer.model
2024-10-22 01:23:15,950 - root - INFO - Building tiktoken tokenizer locally from ./torchtitan/datasets/tokenizer/original/tokenizer.model
2024-10-22 01:23:17,068 - root - INFO - TikTokenizer built: #words 128256, BOS ID 128000, EOS ID 128001
2024-10-22 01:23:17,068 - root - INFO - Preparing c4_test dataset from test/assets/c4_test
2024-10-22 01:23:17,069 - root - INFO - TikTokenizer built: #words 128256, BOS ID 128000, EOS ID 128001
2024-10-22 01:23:17,069 - root - INFO - Preparing c4_test dataset from test/assets/c4_test
2024-10-22 01:23:17,071 - root - INFO - TikTokenizer built: #words 128256, BOS ID 128000, EOS ID 128001
2024-10-22 01:23:17,071 - root - INFO - Preparing c4_test dataset from test/assets/c4_test
2024-10-22 01:23:17,078 - root - INFO - TikTokenizer built: #words 128256, BOS ID 128000, EOS ID 128001
2024-10-22 01:23:17,078 - root - INFO - Preparing c4_test dataset from test/assets/c4_test
2024-10-22 01:23:17,079 - root - INFO - TikTokenizer built: #words 128256, BOS ID 128000, EOS ID 128001
2024-10-22 01:23:17,080 - root - INFO - Preparing c4_test dataset from test/assets/c4_test
2024-10-22 01:23:17,079 - root - INFO - TikTokenizer built: #words 128256, BOS ID 128000, EOS ID 128001
2024-10-22 01:23:17,080 - root - INFO - Preparing c4_test dataset from test/assets/c4_test
2024-10-22 01:23:17,080 - root - INFO - TikTokenizer built: #words 128256, BOS ID 128000, EOS ID 128001
2024-10-22 01:23:17,080 - root - INFO - TikTokenizer built: #words 128256, BOS ID 128000, EOS ID 128001
2024-10-22 01:23:17,080 - root - INFO - Preparing c4_test dataset from test/assets/c4_test
2024-10-22 01:23:17,080 - root - INFO - Preparing c4_test dataset from test/assets/c4_test
2024-10-22 01:23:17,080 - root - INFO - TikTokenizer built: #words 128256, BOS ID 128000, EOS ID 128001
2024-10-22 01:23:17,080 - root - INFO - Preparing c4_test dataset from test/assets/c4_test
2024-10-22 01:23:17,080 - root - INFO - TikTokenizer built: #words 128256, BOS ID 128000, EOS ID 128001
2024-10-22 01:23:17,080 - root - INFO - Preparing c4_test dataset from test/assets/c4_test
2024-10-22 01:23:17,081 - root - INFO - TikTokenizer built: #words 128256, BOS ID 128000, EOS ID 128001
2024-10-22 01:23:17,081 - root - INFO - Preparing c4_test dataset from test/assets/c4_test
2024-10-22 01:23:17,082 - root - INFO - TikTokenizer built: #words 128256, BOS ID 128000, EOS ID 128001
2024-10-22 01:23:17,082 - root - INFO - Preparing c4_test dataset from test/assets/c4_test
2024-10-22 01:23:17,082 - root - INFO - TikTokenizer built: #words 128256, BOS ID 128000, EOS ID 128001
2024-10-22 01:23:17,082 - root - INFO - Preparing c4_test dataset from test/assets/c4_test
2024-10-22 01:23:17,090 - root - INFO - TikTokenizer built: #words 128256, BOS ID 128000, EOS ID 128001
2024-10-22 01:23:17,090 - root - INFO - Preparing c4_test dataset from test/assets/c4_test
2024-10-22 01:23:17,090 - root - INFO - TikTokenizer built: #words 128256, BOS ID 128000, EOS ID 128001
2024-10-22 01:23:17,090 - root - INFO - Preparing c4_test dataset from test/assets/c4_test
2024-10-22 01:23:17,092 - root - INFO - TikTokenizer built: #words 128256, BOS ID 128000, EOS ID 128001
2024-10-22 01:23:17,092 - root - INFO - Preparing c4_test dataset from test/assets/c4_test
2024-10-22 01:23:24,053 - root - INFO - Building llama3 1B with ModelArgs(dim=2048, n_layers=18, n_heads=16, n_kv_heads=None, vocab_size=128256, multiple_of=256, ffn_dim_multiplier=None, norm_eps=1e-05, rope_theta=10000, max_seq_len=1024, depth_init=True, norm_type='rmsnorm')
2024-10-22 01:23:24,053 - root - INFO - Building llama3 1B with ModelArgs(dim=2048, n_layers=18, n_heads=16, n_kv_heads=None, vocab_size=128256, multiple_of=256, ffn_dim_multiplier=None, norm_eps=1e-05, rope_theta=10000, max_seq_len=1024, depth_init=True, norm_type='rmsnorm')
2024-10-22 01:23:24,053 - root - INFO - Building llama3 1B with ModelArgs(dim=2048, n_layers=18, n_heads=16, n_kv_heads=None, vocab_size=128256, multiple_of=256, ffn_dim_multiplier=None, norm_eps=1e-05, rope_theta=10000, max_seq_len=1024, depth_init=True, norm_type='rmsnorm')
2024-10-22 01:23:24,053 - root - INFO - Building llama3 1B with ModelArgs(dim=2048, n_layers=18, n_heads=16, n_kv_heads=None, vocab_size=128256, multiple_of=256, ffn_dim_multiplier=None, norm_eps=1e-05, rope_theta=10000, max_seq_len=1024, depth_init=True, norm_type='rmsnorm')
2024-10-22 01:23:24,054 - root - INFO - Building llama3 1B with ModelArgs(dim=2048, n_layers=18, n_heads=16, n_kv_heads=None, vocab_size=128256, multiple_of=256, ffn_dim_multiplier=None, norm_eps=1e-05, rope_theta=10000, max_seq_len=1024, depth_init=True, norm_type='rmsnorm')
2024-10-22 01:23:24,054 - root - INFO - Building llama3 1B with ModelArgs(dim=2048, n_layers=18, n_heads=16, n_kv_heads=None, vocab_size=128256, multiple_of=256, ffn_dim_multiplier=None, norm_eps=1e-05, rope_theta=10000, max_seq_len=1024, depth_init=True, norm_type='rmsnorm')
2024-10-22 01:23:24,054 - root - INFO - Building llama3 1B with ModelArgs(dim=2048, n_layers=18, n_heads=16, n_kv_heads=None, vocab_size=128256, multiple_of=256, ffn_dim_multiplier=None, norm_eps=1e-05, rope_theta=10000, max_seq_len=1024, depth_init=True, norm_type='rmsnorm')
2024-10-22 01:23:24,054 - root - INFO - Building llama3 1B with ModelArgs(dim=2048, n_layers=18, n_heads=16, n_kv_heads=None, vocab_size=128256, multiple_of=256, ffn_dim_multiplier=None, norm_eps=1e-05, rope_theta=10000, max_seq_len=1024, depth_init=True, norm_type='rmsnorm')
2024-10-22 01:23:24,056 - root - INFO - Building llama3 1B with ModelArgs(dim=2048, n_layers=18, n_heads=16, n_kv_heads=None, vocab_size=128256, multiple_of=256, ffn_dim_multiplier=None, norm_eps=1e-05, rope_theta=10000, max_seq_len=1024, depth_init=True, norm_type='rmsnorm')
2024-10-22 01:23:24,056 - root - INFO - Building llama3 1B with ModelArgs(dim=2048, n_layers=18, n_heads=16, n_kv_heads=None, vocab_size=128256, multiple_of=256, ffn_dim_multiplier=None, norm_eps=1e-05, rope_theta=10000, max_seq_len=1024, depth_init=True, norm_type='rmsnorm')
2024-10-22 01:23:24,056 - root - INFO - Building llama3 1B with ModelArgs(dim=2048, n_layers=18, n_heads=16, n_kv_heads=None, vocab_size=128256, multiple_of=256, ffn_dim_multiplier=None, norm_eps=1e-05, rope_theta=10000, max_seq_len=1024, depth_init=True, norm_type='rmsnorm')
2024-10-22 01:23:24,056 - root - INFO - Building llama3 1B with ModelArgs(dim=2048, n_layers=18, n_heads=16, n_kv_heads=None, vocab_size=128256, multiple_of=256, ffn_dim_multiplier=None, norm_eps=1e-05, rope_theta=10000, max_seq_len=1024, depth_init=True, norm_type='rmsnorm')
2024-10-22 01:23:24,056 - root - INFO - Building llama3 1B with ModelArgs(dim=2048, n_layers=18, n_heads=16, n_kv_heads=None, vocab_size=128256, multiple_of=256, ffn_dim_multiplier=None, norm_eps=1e-05, rope_theta=10000, max_seq_len=1024, depth_init=True, norm_type='rmsnorm')
2024-10-22 01:23:24,056 - root - INFO - Building llama3 1B with ModelArgs(dim=2048, n_layers=18, n_heads=16, n_kv_heads=None, vocab_size=128256, multiple_of=256, ffn_dim_multiplier=None, norm_eps=1e-05, rope_theta=10000, max_seq_len=1024, depth_init=True, norm_type='rmsnorm')
2024-10-22 01:23:24,056 - root - INFO - Building llama3 1B with ModelArgs(dim=2048, n_layers=18, n_heads=16, n_kv_heads=None, vocab_size=128256, multiple_of=256, ffn_dim_multiplier=None, norm_eps=1e-05, rope_theta=10000, max_seq_len=1024, depth_init=True, norm_type='rmsnorm')
2024-10-22 01:23:24,056 - root - INFO - Building llama3 1B with ModelArgs(dim=2048, n_layers=18, n_heads=16, n_kv_heads=None, vocab_size=128256, multiple_of=256, ffn_dim_multiplier=None, norm_eps=1e-05, rope_theta=10000, max_seq_len=1024, depth_init=True, norm_type='rmsnorm')
2024-10-22 01:23:24,589 - root - INFO - [34mModel llama3 1B [31msize: 1,450,256,384 total parameters[39m
2024-10-22 01:23:24,590 - root - INFO - [34mModel llama3 1B [31msize: 1,450,256,384 total parameters[39m
2024-10-22 01:23:24,590 - root - INFO - [34mModel llama3 1B [31msize: 1,450,256,384 total parameters[39m
2024-10-22 01:23:24,590 - root - INFO - [34mModel llama3 1B [31msize: 1,450,256,384 total parameters[39m
2024-10-22 01:23:24,591 - root - INFO - [34mModel llama3 1B [31msize: 1,450,256,384 total parameters[39m
2024-10-22 01:23:24,591 - root - INFO - [34mModel llama3 1B [31msize: 1,450,256,384 total parameters[39m
2024-10-22 01:23:24,591 - root - INFO - [34mModel llama3 1B [31msize: 1,450,256,384 total parameters[39m
2024-10-22 01:23:24,593 - root - INFO - [34mModel llama3 1B [31msize: 1,450,256,384 total parameters[39m
2024-10-22 01:23:24,593 - root - INFO - [34mModel llama3 1B [31msize: 1,450,256,384 total parameters[39m
2024-10-22 01:23:24,595 - root - INFO - [34mModel llama3 1B [31msize: 1,450,256,384 total parameters[39m
2024-10-22 01:23:24,595 - root - INFO - [34mModel llama3 1B [31msize: 1,450,256,384 total parameters[39m
2024-10-22 01:23:24,598 - root - INFO - [34mModel llama3 1B [31msize: 1,450,256,384 total parameters[39m
2024-10-22 01:23:24,608 - root - INFO - [34mModel llama3 1B [31msize: 1,450,256,384 total parameters[39m
2024-10-22 01:23:24,609 - root - INFO - [34mModel llama3 1B [31msize: 1,450,256,384 total parameters[39m
2024-10-22 01:23:24,633 - root - INFO - [34mModel llama3 1B [31msize: 1,450,256,384 total parameters[39m
2024-10-22 01:23:24,633 - root - INFO - [34mModel llama3 1B [31msize: 1,450,256,384 total parameters[39m
[rank8]: Traceback (most recent call last):
[rank8]:   File "/mnt/lustre/e1000/home/ec280/ec280/shawn/torchtitan/./train.py", line 425, in <module>
[rank8]:     main(config)
[rank8]:   File "/work/ec280/ec280/shawn/vtorchtitan/lib/python3.11/site-packages/torch/distributed/elastic/multiprocessing/errors/__init__.py", line 355, in wrapper
[rank8]:     return f(*args, **kwargs)
[rank8]:            ^^^^^^^^^^^^^^^^^^
[rank8]:   File "/mnt/lustre/e1000/home/ec280/ec280/shawn/torchtitan/./train.py", line 155, in main
[rank8]:     pp_schedule, model_parts = models_pipelining_fns[model_name](
[rank8]:                                ^^^^^^^^^^^^^^^^^^^^^^^^^^^^^^^^^^
[rank8]:   File "/mnt/lustre/e1000/home/ec280/ec280/shawn/torchtitan/torchtitan/parallelisms/pipeline_llama.py", line 39, in pipeline_llama
[rank8]:     stages, models = pipeline_llama_manual_split(
[rank8]:                      ^^^^^^^^^^^^^^^^^^^^^^^^^^^^
[rank8]:   File "/mnt/lustre/e1000/home/ec280/ec280/shawn/torchtitan/torchtitan/parallelisms/pipeline_llama.py", line 149, in pipeline_llama_manual_split
[rank8]:     for stage_idx in stage_ids_this_rank(pp_rank, pp_size, num_stages, style="loop"):
[rank8]:                      ^^^^^^^^^^^^^^^^^^^^^^^^^^^^^^^^^^^^^^^^^^^^^^^^^^^^^^^^^^^^^^^
[rank8]:   File "/mnt/lustre/e1000/home/ec280/ec280/shawn/torchtitan/torchtitan/parallelisms/pipelining_utils.py", line 57, in stage_ids_this_rank
[rank8]:     num_stages % pp_size == 0
[rank8]: AssertionError: num_stages 1 must be evenly divisible by pp_size 4
[rank12]: Traceback (most recent call last):
[rank12]:   File "/mnt/lustre/e1000/home/ec280/ec280/shawn/torchtitan/./train.py", line 425, in <module>
[rank12]:     main(config)
[rank12]:   File "/work/ec280/ec280/shawn/vtorchtitan/lib/python3.11/site-packages/torch/distributed/elastic/multiprocessing/errors/__init__.py", line 355, in wrapper
[rank12]:     return f(*args, **kwargs)
[rank12]:            ^^^^^^^^^^^^^^^^^^
[rank12]:   File "/mnt/lustre/e1000/home/ec280/ec280/shawn/torchtitan/./train.py", line 155, in main
[rank12]:     pp_schedule, model_parts = models_pipelining_fns[model_name](
[rank12]:                                ^^^^^^^^^^^^^^^^^^^^^^^^^^^^^^^^^^
[rank12]:   File "/mnt/lustre/e1000/home/ec280/ec280/shawn/torchtitan/torchtitan/parallelisms/pipeline_llama.py", line 39, in pipeline_llama
[rank12]:     stages, models = pipeline_llama_manual_split(
[rank12]:                      ^^^^^^^^^^^^^^^^^^^^^^^^^^^^
[rank12]:   File "/mnt/lustre/e1000/home/ec280/ec280/shawn/torchtitan/torchtitan/parallelisms/pipeline_llama.py", line 149, in pipeline_llama_manual_split
[rank12]:     for stage_idx in stage_ids_this_rank(pp_rank, pp_size, num_stages, style="loop"):
[rank12]:                      ^^^^^^^^^^^^^^^^^^^^^^^^^^^^^^^^^^^^^^^^^^^^^^^^^^^^^^^^^^^^^^^
[rank12]:   File "/mnt/lustre/e1000/home/ec280/ec280/shawn/torchtitan/torchtitan/parallelisms/pipelining_utils.py", line 57, in stage_ids_this_rank
[rank12]:     num_stages % pp_size == 0
[rank12]: AssertionError: num_stages 1 must be evenly divisible by pp_size 4
[rank15]: Traceback (most recent call last):
[rank15]:   File "/mnt/lustre/e1000/home/ec280/ec280/shawn/torchtitan/./train.py", line 425, in <module>
[rank15]:     main(config)
[rank15]:   File "/work/ec280/ec280/shawn/vtorchtitan/lib/python3.11/site-packages/torch/distributed/elastic/multiprocessing/errors/__init__.py", line 355, in wrapper
[rank15]:     return f(*args, **kwargs)
[rank15]:            ^^^^^^^^^^^^^^^^^^
[rank15]:   File "/mnt/lustre/e1000/home/ec280/ec280/shawn/torchtitan/./train.py", line 155, in main
[rank15]:     pp_schedule, model_parts = models_pipelining_fns[model_name](
[rank15]:                                ^^^^^^^^^^^^^^^^^^^^^^^^^^^^^^^^^^
[rank15]:   File "/mnt/lustre/e1000/home/ec280/ec280/shawn/torchtitan/torchtitan/parallelisms/pipeline_llama.py", line 39, in pipeline_llama
[rank15]:     stages, models = pipeline_llama_manual_split(
[rank15]:                      ^^^^^^^^^^^^^^^^^^^^^^^^^^^^
[rank15]:   File "/mnt/lustre/e1000/home/ec280/ec280/shawn/torchtitan/torchtitan/parallelisms/pipeline_llama.py", line 149, in pipeline_llama_manual_split
[rank15]:     for stage_idx in stage_ids_this_rank(pp_rank, pp_size, num_stages, style="loop"):
[rank15]:                      ^^^^^^^^^^^^^^^^^^^^^^^^^^^^^^^^^^^^^^^^^^^^^^^^^^^^^^^^^^^^^^^
[rank15]:   File "/mnt/lustre/e1000/home/ec280/ec280/shawn/torchtitan/torchtitan/parallelisms/pipelining_utils.py", line 57, in stage_ids_this_rank
[rank15]:     num_stages % pp_size == 0
[rank15]: AssertionError: num_stages 1 must be evenly divisible by pp_size 4
[rank10]: Traceback (most recent call last):
[rank10]:   File "/mnt/lustre/e1000/home/ec280/ec280/shawn/torchtitan/./train.py", line 425, in <module>
[rank10]:     main(config)
[rank10]:   File "/work/ec280/ec280/shawn/vtorchtitan/lib/python3.11/site-packages/torch/distributed/elastic/multiprocessing/errors/__init__.py", line 355, in wrapper
[rank10]:     return f(*args, **kwargs)
[rank10]:            ^^^^^^^^^^^^^^^^^^
[rank10]:   File "/mnt/lustre/e1000/home/ec280/ec280/shawn/torchtitan/./train.py", line 155, in main
[rank10]:     pp_schedule, model_parts = models_pipelining_fns[model_name](
[rank10]:                                ^^^^^^^^^^^^^^^^^^^^^^^^^^^^^^^^^^
[rank10]:   File "/mnt/lustre/e1000/home/ec280/ec280/shawn/torchtitan/torchtitan/parallelisms/pipeline_llama.py", line 39, in pipeline_llama
[rank10]:     stages, models = pipeline_llama_manual_split(
[rank10]:                      ^^^^^^^^^^^^^^^^^^^^^^^^^^^^
[rank10]:   File "/mnt/lustre/e1000/home/ec280/ec280/shawn/torchtitan/torchtitan/parallelisms/pipeline_llama.py", line 149, in pipeline_llama_manual_split
[rank10]:     for stage_idx in stage_ids_this_rank(pp_rank, pp_size, num_stages, style="loop"):
[rank10]:                      ^^^^^^^^^^^^^^^^^^^^^^^^^^^^^^^^^^^^^^^^^^^^^^^^^^^^^^^^^^^^^^^
[rank10]:   File "/mnt/lustre/e1000/home/ec280/ec280/shawn/torchtitan/torchtitan/parallelisms/pipelining_utils.py", line 57, in stage_ids_this_rank
[rank10]:     num_stages % pp_size == 0
[rank10]: AssertionError: num_stages 1 must be evenly divisible by pp_size 4
[rank13]: Traceback (most recent call last):
[rank13]:   File "/mnt/lustre/e1000/home/ec280/ec280/shawn/torchtitan/./train.py", line 425, in <module>
[rank13]:     main(config)
[rank13]:   File "/work/ec280/ec280/shawn/vtorchtitan/lib/python3.11/site-packages/torch/distributed/elastic/multiprocessing/errors/__init__.py", line 355, in wrapper
[rank13]:     return f(*args, **kwargs)
[rank13]:            ^^^^^^^^^^^^^^^^^^
[rank13]:   File "/mnt/lustre/e1000/home/ec280/ec280/shawn/torchtitan/./train.py", line 155, in main
[rank13]:     pp_schedule, model_parts = models_pipelining_fns[model_name](
[rank13]:                                ^^^^^^^^^^^^^^^^^^^^^^^^^^^^^^^^^^
[rank13]:   File "/mnt/lustre/e1000/home/ec280/ec280/shawn/torchtitan/torchtitan/parallelisms/pipeline_llama.py", line 39, in pipeline_llama
[rank13]:     stages, models = pipeline_llama_manual_split(
[rank13]:                      ^^^^^^^^^^^^^^^^^^^^^^^^^^^^
[rank13]:   File "/mnt/lustre/e1000/home/ec280/ec280/shawn/torchtitan/torchtitan/parallelisms/pipeline_llama.py", line 149, in pipeline_llama_manual_split
[rank13]:     for stage_idx in stage_ids_this_rank(pp_rank, pp_size, num_stages, style="loop"):
[rank13]:                      ^^^^^^^^^^^^^^^^^^^^^^^^^^^^^^^^^^^^^^^^^^^^^^^^^^^^^^^^^^^^^^^
[rank13]:   File "/mnt/lustre/e1000/home/ec280/ec280/shawn/torchtitan/torchtitan/parallelisms/pipelining_utils.py", line 57, in stage_ids_this_rank
[rank13]:     num_stages % pp_size == 0
[rank13]: AssertionError: num_stages 1 must be evenly divisible by pp_size 4
[rank14]: Traceback (most recent call last):
[rank14]:   File "/mnt/lustre/e1000/home/ec280/ec280/shawn/torchtitan/./train.py", line 425, in <module>
[rank14]:     main(config)
[rank14]:   File "/work/ec280/ec280/shawn/vtorchtitan/lib/python3.11/site-packages/torch/distributed/elastic/multiprocessing/errors/__init__.py", line 355, in wrapper
[rank14]:     return f(*args, **kwargs)
[rank14]:            ^^^^^^^^^^^^^^^^^^
[rank14]:   File "/mnt/lustre/e1000/home/ec280/ec280/shawn/torchtitan/./train.py", line 155, in main
[rank14]:     pp_schedule, model_parts = models_pipelining_fns[model_name](
[rank14]:                                ^^^^^^^^^^^^^^^^^^^^^^^^^^^^^^^^^^
[rank14]:   File "/mnt/lustre/e1000/home/ec280/ec280/shawn/torchtitan/torchtitan/parallelisms/pipeline_llama.py", line 39, in pipeline_llama
[rank14]:     stages, models = pipeline_llama_manual_split(
[rank14]:                      ^^^^^^^^^^^^^^^^^^^^^^^^^^^^
[rank14]:   File "/mnt/lustre/e1000/home/ec280/ec280/shawn/torchtitan/torchtitan/parallelisms/pipeline_llama.py", line 149, in pipeline_llama_manual_split
[rank14]:     for stage_idx in stage_ids_this_rank(pp_rank, pp_size, num_stages, style="loop"):
[rank14]:                      ^^^^^^^^^^^^^^^^^^^^^^^^^^^^^^^^^^^^^^^^^^^^^^^^^^^^^^^^^^^^^^^
[rank14]:   File "/mnt/lustre/e1000/home/ec280/ec280/shawn/torchtitan/torchtitan/parallelisms/pipelining_utils.py", line 57, in stage_ids_this_rank
[rank14]:     num_stages % pp_size == 0
[rank14]: AssertionError: num_stages 1 must be evenly divisible by pp_size 4
[rank9]: Traceback (most recent call last):
[rank9]:   File "/mnt/lustre/e1000/home/ec280/ec280/shawn/torchtitan/./train.py", line 425, in <module>
[rank9]:     main(config)
[rank9]:   File "/work/ec280/ec280/shawn/vtorchtitan/lib/python3.11/site-packages/torch/distributed/elastic/multiprocessing/errors/__init__.py", line 355, in wrapper
[rank9]:     return f(*args, **kwargs)
[rank9]:            ^^^^^^^^^^^^^^^^^^
[rank9]:   File "/mnt/lustre/e1000/home/ec280/ec280/shawn/torchtitan/./train.py", line 155, in main
[rank9]:     pp_schedule, model_parts = models_pipelining_fns[model_name](
[rank9]:                                ^^^^^^^^^^^^^^^^^^^^^^^^^^^^^^^^^^
[rank9]:   File "/mnt/lustre/e1000/home/ec280/ec280/shawn/torchtitan/torchtitan/parallelisms/pipeline_llama.py", line 39, in pipeline_llama
[rank9]:     stages, models = pipeline_llama_manual_split(
[rank9]:                      ^^^^^^^^^^^^^^^^^^^^^^^^^^^^
[rank9]:   File "/mnt/lustre/e1000/home/ec280/ec280/shawn/torchtitan/torchtitan/parallelisms/pipeline_llama.py", line 149, in pipeline_llama_manual_split
[rank9]:     for stage_idx in stage_ids_this_rank(pp_rank, pp_size, num_stages, style="loop"):
[rank9]:                      ^^^^^^^^^^^^^^^^^^^^^^^^^^^^^^^^^^^^^^^^^^^^^^^^^^^^^^^^^^^^^^^
[rank9]:   File "/mnt/lustre/e1000/home/ec280/ec280/shawn/torchtitan/torchtitan/parallelisms/pipelining_utils.py", line 57, in stage_ids_this_rank
[rank9]:     num_stages % pp_size == 0
[rank9]: AssertionError: num_stages 1 must be evenly divisible by pp_size 4
[rank11]: Traceback (most recent call last):
[rank11]:   File "/mnt/lustre/e1000/home/ec280/ec280/shawn/torchtitan/./train.py", line 425, in <module>
[rank11]:     main(config)
[rank11]:   File "/work/ec280/ec280/shawn/vtorchtitan/lib/python3.11/site-packages/torch/distributed/elastic/multiprocessing/errors/__init__.py", line 355, in wrapper
[rank11]:     return f(*args, **kwargs)
[rank11]:            ^^^^^^^^^^^^^^^^^^
[rank11]:   File "/mnt/lustre/e1000/home/ec280/ec280/shawn/torchtitan/./train.py", line 155, in main
[rank11]:     pp_schedule, model_parts = models_pipelining_fns[model_name](
[rank11]:                                ^^^^^^^^^^^^^^^^^^^^^^^^^^^^^^^^^^
[rank11]:   File "/mnt/lustre/e1000/home/ec280/ec280/shawn/torchtitan/torchtitan/parallelisms/pipeline_llama.py", line 39, in pipeline_llama
[rank11]:     stages, models = pipeline_llama_manual_split(
[rank11]:                      ^^^^^^^^^^^^^^^^^^^^^^^^^^^^
[rank4]: Traceback (most recent call last):
[rank4]:   File "/mnt/lustre/e1000/home/ec280/ec280/shawn/torchtitan/./train.py", line 425, in <module>
[rank4]:     main(config)
[rank4]:   File "/work/ec280/ec280/shawn/vtorchtitan/lib/python3.11/site-packages/torch/distributed/elastic/multiprocessing/errors/__init__.py", line 355, in wrapper
[rank4]:     return f(*args, **kwargs)
[rank4]:            ^^^^^^^^^^^^^^^^^^
[rank4]:   File "/mnt/lustre/e1000/home/ec280/ec280/shawn/torchtitan/./train.py", line 155, in main
[rank4]:     pp_schedule, model_parts = models_pipelining_fns[model_name](
[rank4]:                                ^^^^^^^^^^^^^^^^^^^^^^^^^^^^^^^^^^
[rank4]:   File "/mnt/lustre/e1000/home/ec280/ec280/shawn/torchtitan/torchtitan/parallelisms/pipeline_llama.py", line 39, in pipeline_llama
[rank4]:     stages, models = pipeline_llama_manual_split(
[rank4]:                      ^^^^^^^^^^^^^^^^^^^^^^^^^^^^
[rank11]:   File "/mnt/lustre/e1000/home/ec280/ec280/shawn/torchtitan/torchtitan/parallelisms/pipeline_llama.py", line 149, in pipeline_llama_manual_split
[rank11]:     for stage_idx in stage_ids_this_rank(pp_rank, pp_size, num_stages, style="loop"):
[rank11]:                      ^^^^^^^^^^^^^^^^^^^^^^^^^^^^^^^^^^^^^^^^^^^^^^^^^^^^^^^^^^^^^^^
[rank11]:   File "/mnt/lustre/e1000/home/ec280/ec280/shawn/torchtitan/torchtitan/parallelisms/pipelining_utils.py", line 57, in stage_ids_this_rank
[rank11]:     num_stages % pp_size == 0
[rank11]: AssertionError: num_stages 1 must be evenly divisible by pp_size 4
[rank4]:   File "/mnt/lustre/e1000/home/ec280/ec280/shawn/torchtitan/torchtitan/parallelisms/pipeline_llama.py", line 149, in pipeline_llama_manual_split
[rank4]:     for stage_idx in stage_ids_this_rank(pp_rank, pp_size, num_stages, style="loop"):
[rank4]:                      ^^^^^^^^^^^^^^^^^^^^^^^^^^^^^^^^^^^^^^^^^^^^^^^^^^^^^^^^^^^^^^^
[rank4]:   File "/mnt/lustre/e1000/home/ec280/ec280/shawn/torchtitan/torchtitan/parallelisms/pipelining_utils.py", line 57, in stage_ids_this_rank
[rank4]:     num_stages % pp_size == 0
[rank4]: AssertionError: num_stages 1 must be evenly divisible by pp_size 4
[rank5]: Traceback (most recent call last):
[rank5]:   File "/mnt/lustre/e1000/home/ec280/ec280/shawn/torchtitan/./train.py", line 425, in <module>
[rank5]:     main(config)
[rank5]:   File "/work/ec280/ec280/shawn/vtorchtitan/lib/python3.11/site-packages/torch/distributed/elastic/multiprocessing/errors/__init__.py", line 355, in wrapper
[rank5]:     return f(*args, **kwargs)
[rank5]:            ^^^^^^^^^^^^^^^^^^
[rank5]:   File "/mnt/lustre/e1000/home/ec280/ec280/shawn/torchtitan/./train.py", line 155, in main
[rank5]:     pp_schedule, model_parts = models_pipelining_fns[model_name](
[rank5]:                                ^^^^^^^^^^^^^^^^^^^^^^^^^^^^^^^^^^
[rank5]:   File "/mnt/lustre/e1000/home/ec280/ec280/shawn/torchtitan/torchtitan/parallelisms/pipeline_llama.py", line 39, in pipeline_llama
[rank5]:     stages, models = pipeline_llama_manual_split(
[rank5]:                      ^^^^^^^^^^^^^^^^^^^^^^^^^^^^
[rank5]:   File "/mnt/lustre/e1000/home/ec280/ec280/shawn/torchtitan/torchtitan/parallelisms/pipeline_llama.py", line 149, in pipeline_llama_manual_split
[rank5]:     for stage_idx in stage_ids_this_rank(pp_rank, pp_size, num_stages, style="loop"):
[rank5]:                      ^^^^^^^^^^^^^^^^^^^^^^^^^^^^^^^^^^^^^^^^^^^^^^^^^^^^^^^^^^^^^^^
[rank5]:   File "/mnt/lustre/e1000/home/ec280/ec280/shawn/torchtitan/torchtitan/parallelisms/pipelining_utils.py", line 57, in stage_ids_this_rank
[rank5]:     num_stages % pp_size == 0
[rank5]: AssertionError: num_stages 1 must be evenly divisible by pp_size 4
[rank7]: Traceback (most recent call last):
[rank7]:   File "/mnt/lustre/e1000/home/ec280/ec280/shawn/torchtitan/./train.py", line 425, in <module>
[rank7]:     main(config)
[rank7]:   File "/work/ec280/ec280/shawn/vtorchtitan/lib/python3.11/site-packages/torch/distributed/elastic/multiprocessing/errors/__init__.py", line 355, in wrapper
[rank7]:     return f(*args, **kwargs)
[rank7]:            ^^^^^^^^^^^^^^^^^^
[rank7]:   File "/mnt/lustre/e1000/home/ec280/ec280/shawn/torchtitan/./train.py", line 155, in main
[rank7]:     pp_schedule, model_parts = models_pipelining_fns[model_name](
[rank7]:                                ^^^^^^^^^^^^^^^^^^^^^^^^^^^^^^^^^^
[rank7]:   File "/mnt/lustre/e1000/home/ec280/ec280/shawn/torchtitan/torchtitan/parallelisms/pipeline_llama.py", line 39, in pipeline_llama
[rank7]:     stages, models = pipeline_llama_manual_split(
[rank7]:                      ^^^^^^^^^^^^^^^^^^^^^^^^^^^^
[rank7]:   File "/mnt/lustre/e1000/home/ec280/ec280/shawn/torchtitan/torchtitan/parallelisms/pipeline_llama.py", line 149, in pipeline_llama_manual_split
[rank7]:     for stage_idx in stage_ids_this_rank(pp_rank, pp_size, num_stages, style="loop"):
[rank7]:                      ^^^^^^^^^^^^^^^^^^^^^^^^^^^^^^^^^^^^^^^^^^^^^^^^^^^^^^^^^^^^^^^
[rank7]:   File "/mnt/lustre/e1000/home/ec280/ec280/shawn/torchtitan/torchtitan/parallelisms/pipelining_utils.py", line 57, in stage_ids_this_rank
[rank7]:     num_stages % pp_size == 0
[rank7]: AssertionError: num_stages 1 must be evenly divisible by pp_size 4
[rank6]: Traceback (most recent call last):
[rank6]:   File "/mnt/lustre/e1000/home/ec280/ec280/shawn/torchtitan/./train.py", line 425, in <module>
[rank6]:     main(config)
[rank6]:   File "/work/ec280/ec280/shawn/vtorchtitan/lib/python3.11/site-packages/torch/distributed/elastic/multiprocessing/errors/__init__.py", line 355, in wrapper
[rank6]:     return f(*args, **kwargs)
[rank6]:            ^^^^^^^^^^^^^^^^^^
[rank0]: Traceback (most recent call last):
[rank0]:   File "/mnt/lustre/e1000/home/ec280/ec280/shawn/torchtitan/./train.py", line 425, in <module>
[rank0]:     main(config)
[rank0]:   File "/work/ec280/ec280/shawn/vtorchtitan/lib/python3.11/site-packages/torch/distributed/elastic/multiprocessing/errors/__init__.py", line 355, in wrapper
[rank0]:     return f(*args, **kwargs)
[rank0]:            ^^^^^^^^^^^^^^^^^^
[rank0]:   File "/mnt/lustre/e1000/home/ec280/ec280/shawn/torchtitan/./train.py", line 155, in main
[rank0]:     pp_schedule, model_parts = models_pipelining_fns[model_name](
[rank0]:                                ^^^^^^^^^^^^^^^^^^^^^^^^^^^^^^^^^^
[rank0]:   File "/mnt/lustre/e1000/home/ec280/ec280/shawn/torchtitan/torchtitan/parallelisms/pipeline_llama.py", line 39, in pipeline_llama
[rank0]:     stages, models = pipeline_llama_manual_split(
[rank0]:                      ^^^^^^^^^^^^^^^^^^^^^^^^^^^^
[rank6]:   File "/mnt/lustre/e1000/home/ec280/ec280/shawn/torchtitan/./train.py", line 155, in main
[rank6]:     pp_schedule, model_parts = models_pipelining_fns[model_name](
[rank6]:                                ^^^^^^^^^^^^^^^^^^^^^^^^^^^^^^^^^^
[rank6]:   File "/mnt/lustre/e1000/home/ec280/ec280/shawn/torchtitan/torchtitan/parallelisms/pipeline_llama.py", line 39, in pipeline_llama
[rank6]:     stages, models = pipeline_llama_manual_split(
[rank6]:                      ^^^^^^^^^^^^^^^^^^^^^^^^^^^^
[rank6]:   File "/mnt/lustre/e1000/home/ec280/ec280/shawn/torchtitan/torchtitan/parallelisms/pipeline_llama.py", line 149, in pipeline_llama_manual_split
[rank6]:     for stage_idx in stage_ids_this_rank(pp_rank, pp_size, num_stages, style="loop"):
[rank6]:                      ^^^^^^^^^^^^^^^^^^^^^^^^^^^^^^^^^^^^^^^^^^^^^^^^^^^^^^^^^^^^^^^
[rank6]:   File "/mnt/lustre/e1000/home/ec280/ec280/shawn/torchtitan/torchtitan/parallelisms/pipelining_utils.py", line 57, in stage_ids_this_rank
[rank0]:   File "/mnt/lustre/e1000/home/ec280/ec280/shawn/torchtitan/torchtitan/parallelisms/pipeline_llama.py", line 149, in pipeline_llama_manual_split
[rank0]:     for stage_idx in stage_ids_this_rank(pp_rank, pp_size, num_stages, style="loop"):
[rank0]:                      ^^^^^^^^^^^^^^^^^^^^^^^^^^^^^^^^^^^^^^^^^^^^^^^^^^^^^^^^^^^^^^^
[rank0]:   File "/mnt/lustre/e1000/home/ec280/ec280/shawn/torchtitan/torchtitan/parallelisms/pipelining_utils.py", line 57, in stage_ids_this_rank
[rank0]:     num_stages % pp_size == 0
[rank0]: AssertionError: num_stages 1 must be evenly divisible by pp_size 4
[rank6]:     num_stages % pp_size == 0
[rank6]: AssertionError: num_stages 1 must be evenly divisible by pp_size 4
[rank2]: Traceback (most recent call last):
[rank2]:   File "/mnt/lustre/e1000/home/ec280/ec280/shawn/torchtitan/./train.py", line 425, in <module>
[rank2]:     main(config)
[rank2]:   File "/work/ec280/ec280/shawn/vtorchtitan/lib/python3.11/site-packages/torch/distributed/elastic/multiprocessing/errors/__init__.py", line 355, in wrapper
[rank2]:     return f(*args, **kwargs)
[rank2]:            ^^^^^^^^^^^^^^^^^^
[rank2]:   File "/mnt/lustre/e1000/home/ec280/ec280/shawn/torchtitan/./train.py", line 155, in main
[rank2]:     pp_schedule, model_parts = models_pipelining_fns[model_name](
[rank2]:                                ^^^^^^^^^^^^^^^^^^^^^^^^^^^^^^^^^^
[rank2]:   File "/mnt/lustre/e1000/home/ec280/ec280/shawn/torchtitan/torchtitan/parallelisms/pipeline_llama.py", line 39, in pipeline_llama
[rank2]:     stages, models = pipeline_llama_manual_split(
[rank2]:                      ^^^^^^^^^^^^^^^^^^^^^^^^^^^^
[rank2]:   File "/mnt/lustre/e1000/home/ec280/ec280/shawn/torchtitan/torchtitan/parallelisms/pipeline_llama.py", line 149, in pipeline_llama_manual_split
[rank2]:     for stage_idx in stage_ids_this_rank(pp_rank, pp_size, num_stages, style="loop"):
[rank2]:                      ^^^^^^^^^^^^^^^^^^^^^^^^^^^^^^^^^^^^^^^^^^^^^^^^^^^^^^^^^^^^^^^
[rank2]:   File "/mnt/lustre/e1000/home/ec280/ec280/shawn/torchtitan/torchtitan/parallelisms/pipelining_utils.py", line 57, in stage_ids_this_rank
[rank2]:     num_stages % pp_size == 0
[rank2]: AssertionError: num_stages 1 must be evenly divisible by pp_size 4
[rank1]: Traceback (most recent call last):
[rank1]:   File "/mnt/lustre/e1000/home/ec280/ec280/shawn/torchtitan/./train.py", line 425, in <module>
[rank1]:     main(config)
[rank1]:   File "/work/ec280/ec280/shawn/vtorchtitan/lib/python3.11/site-packages/torch/distributed/elastic/multiprocessing/errors/__init__.py", line 355, in wrapper
[rank1]:     return f(*args, **kwargs)
[rank1]:            ^^^^^^^^^^^^^^^^^^
[rank1]:   File "/mnt/lustre/e1000/home/ec280/ec280/shawn/torchtitan/./train.py", line 155, in main
[rank1]:     pp_schedule, model_parts = models_pipelining_fns[model_name](
[rank1]:                                ^^^^^^^^^^^^^^^^^^^^^^^^^^^^^^^^^^
[rank1]:   File "/mnt/lustre/e1000/home/ec280/ec280/shawn/torchtitan/torchtitan/parallelisms/pipeline_llama.py", line 39, in pipeline_llama
[rank1]:     stages, models = pipeline_llama_manual_split(
[rank1]:                      ^^^^^^^^^^^^^^^^^^^^^^^^^^^^
[rank1]:   File "/mnt/lustre/e1000/home/ec280/ec280/shawn/torchtitan/torchtitan/parallelisms/pipeline_llama.py", line 149, in pipeline_llama_manual_split
[rank1]:     for stage_idx in stage_ids_this_rank(pp_rank, pp_size, num_stages, style="loop"):
[rank1]:                      ^^^^^^^^^^^^^^^^^^^^^^^^^^^^^^^^^^^^^^^^^^^^^^^^^^^^^^^^^^^^^^^
[rank1]:   File "/mnt/lustre/e1000/home/ec280/ec280/shawn/torchtitan/torchtitan/parallelisms/pipelining_utils.py", line 57, in stage_ids_this_rank
[rank1]:     num_stages % pp_size == 0
[rank1]: AssertionError: num_stages 1 must be evenly divisible by pp_size 4
[rank3]: Traceback (most recent call last):
[rank3]:   File "/mnt/lustre/e1000/home/ec280/ec280/shawn/torchtitan/./train.py", line 425, in <module>
[rank3]:     main(config)
[rank3]:   File "/work/ec280/ec280/shawn/vtorchtitan/lib/python3.11/site-packages/torch/distributed/elastic/multiprocessing/errors/__init__.py", line 355, in wrapper
[rank3]:     return f(*args, **kwargs)
[rank3]:            ^^^^^^^^^^^^^^^^^^
[rank3]:   File "/mnt/lustre/e1000/home/ec280/ec280/shawn/torchtitan/./train.py", line 155, in main
[rank3]:     pp_schedule, model_parts = models_pipelining_fns[model_name](
[rank3]:                                ^^^^^^^^^^^^^^^^^^^^^^^^^^^^^^^^^^
[rank3]:   File "/mnt/lustre/e1000/home/ec280/ec280/shawn/torchtitan/torchtitan/parallelisms/pipeline_llama.py", line 39, in pipeline_llama
[rank3]:     stages, models = pipeline_llama_manual_split(
[rank3]:                      ^^^^^^^^^^^^^^^^^^^^^^^^^^^^
[rank3]:   File "/mnt/lustre/e1000/home/ec280/ec280/shawn/torchtitan/torchtitan/parallelisms/pipeline_llama.py", line 149, in pipeline_llama_manual_split
[rank3]:     for stage_idx in stage_ids_this_rank(pp_rank, pp_size, num_stages, style="loop"):
[rank3]:                      ^^^^^^^^^^^^^^^^^^^^^^^^^^^^^^^^^^^^^^^^^^^^^^^^^^^^^^^^^^^^^^^
[rank3]:   File "/mnt/lustre/e1000/home/ec280/ec280/shawn/torchtitan/torchtitan/parallelisms/pipelining_utils.py", line 57, in stage_ids_this_rank
[rank3]:     num_stages % pp_size == 0
[rank3]: AssertionError: num_stages 1 must be evenly divisible by pp_size 4
[rank0]:[W1022 01:23:25.748962606 ProcessGroupNCCL.cpp:1253] Warning: WARNING: process group has NOT been destroyed before we destruct ProcessGroupNCCL. On normal program exit, the application should call destroy_process_group to ensure that any pending NCCL operations have finished in this process. In rare cases this process can exit before this point and block the progress of another member of the process group. This constraint has always been present,  but this warning has only been added since PyTorch 2.4 (function operator())
[rank3]:[W1022 01:23:25.768718501 ProcessGroupNCCL.cpp:1253] Warning: WARNING: process group has NOT been destroyed before we destruct ProcessGroupNCCL. On normal program exit, the application should call destroy_process_group to ensure that any pending NCCL operations have finished in this process. In rare cases this process can exit before this point and block the progress of another member of the process group. This constraint has always been present,  but this warning has only been added since PyTorch 2.4 (function operator())
[rank1]:[W1022 01:23:25.773138506 ProcessGroupNCCL.cpp:1253] Warning: WARNING: process group has NOT been destroyed before we destruct ProcessGroupNCCL. On normal program exit, the application should call destroy_process_group to ensure that any pending NCCL operations have finished in this process. In rare cases this process can exit before this point and block the progress of another member of the process group. This constraint has always been present,  but this warning has only been added since PyTorch 2.4 (function operator())
[rank2]:[W1022 01:23:25.776648465 ProcessGroupNCCL.cpp:1253] Warning: WARNING: process group has NOT been destroyed before we destruct ProcessGroupNCCL. On normal program exit, the application should call destroy_process_group to ensure that any pending NCCL operations have finished in this process. In rare cases this process can exit before this point and block the progress of another member of the process group. This constraint has always been present,  but this warning has only been added since PyTorch 2.4 (function operator())
[rank12]:[W1022 01:23:25.224190403 ProcessGroupNCCL.cpp:1253] Warning: WARNING: process group has NOT been destroyed before we destruct ProcessGroupNCCL. On normal program exit, the application should call destroy_process_group to ensure that any pending NCCL operations have finished in this process. In rare cases this process can exit before this point and block the progress of another member of the process group. This constraint has always been present,  but this warning has only been added since PyTorch 2.4 (function operator())
[rank4]:[W1022 01:23:25.791556321 ProcessGroupNCCL.cpp:1253] Warning: WARNING: process group has NOT been destroyed before we destruct ProcessGroupNCCL. On normal program exit, the application should call destroy_process_group to ensure that any pending NCCL operations have finished in this process. In rare cases this process can exit before this point and block the progress of another member of the process group. This constraint has always been present,  but this warning has only been added since PyTorch 2.4 (function operator())
[rank8]:[W1022 01:23:25.543547430 ProcessGroupNCCL.cpp:1253] Warning: WARNING: process group has NOT been destroyed before we destruct ProcessGroupNCCL. On normal program exit, the application should call destroy_process_group to ensure that any pending NCCL operations have finished in this process. In rare cases this process can exit before this point and block the progress of another member of the process group. This constraint has always been present,  but this warning has only been added since PyTorch 2.4 (function operator())
W1022 01:23:29.951000 4169922 /mnt/lustre/e1000/home/ec280/ec280/shawn/vtorchtitan/lib/python3.11/site-packages/torch/distributed/elastic/multiprocessing/api.py:897] Sending process 4170034 closing signal SIGTERM
W1022 01:23:29.955000 4169922 /mnt/lustre/e1000/home/ec280/ec280/shawn/vtorchtitan/lib/python3.11/site-packages/torch/distributed/elastic/multiprocessing/api.py:897] Sending process 4170035 closing signal SIGTERM
W1022 01:23:29.958000 4169922 /mnt/lustre/e1000/home/ec280/ec280/shawn/vtorchtitan/lib/python3.11/site-packages/torch/distributed/elastic/multiprocessing/api.py:897] Sending process 4170036 closing signal SIGTERM
W1022 01:23:29.977000 2730668 /mnt/lustre/e1000/home/ec280/ec280/shawn/vtorchtitan/lib/python3.11/site-packages/torch/distributed/elastic/multiprocessing/api.py:897] Sending process 2730782 closing signal SIGTERM
W1022 01:23:30.000000 2470611 /mnt/lustre/e1000/home/ec280/ec280/shawn/vtorchtitan/lib/python3.11/site-packages/torch/distributed/elastic/multiprocessing/api.py:897] Sending process 2470730 closing signal SIGTERM
W1022 01:23:30.012000 2300699 /mnt/lustre/e1000/home/ec280/ec280/shawn/vtorchtitan/lib/python3.11/site-packages/torch/distributed/elastic/multiprocessing/api.py:897] Sending process 2300807 closing signal SIGTERM
E1022 01:23:30.995000 2730668 /mnt/lustre/e1000/home/ec280/ec280/shawn/vtorchtitan/lib/python3.11/site-packages/torch/distributed/elastic/multiprocessing/api.py:869] failed (exitcode: 1) local_rank: 0 (pid: 2730779) of binary: /work/ec280/ec280/shawn/vtorchtitan/bin/python
E1022 01:23:31.020000 2470611 /mnt/lustre/e1000/home/ec280/ec280/shawn/vtorchtitan/lib/python3.11/site-packages/torch/distributed/elastic/multiprocessing/api.py:869] failed (exitcode: 1) local_rank: 0 (pid: 2470728) of binary: /work/ec280/ec280/shawn/vtorchtitan/bin/python
E1022 01:23:31.027000 4169922 /mnt/lustre/e1000/home/ec280/ec280/shawn/vtorchtitan/lib/python3.11/site-packages/torch/distributed/elastic/multiprocessing/api.py:869] failed (exitcode: 1) local_rank: 0 (pid: 4170033) of binary: /work/ec280/ec280/shawn/vtorchtitan/bin/python
E1022 01:23:31.033000 2300699 /mnt/lustre/e1000/home/ec280/ec280/shawn/vtorchtitan/lib/python3.11/site-packages/torch/distributed/elastic/multiprocessing/api.py:869] failed (exitcode: 1) local_rank: 0 (pid: 2300806) of binary: /work/ec280/ec280/shawn/vtorchtitan/bin/python
E1022 01:23:31.154000 2470611 /mnt/lustre/e1000/home/ec280/ec280/shawn/vtorchtitan/lib/python3.11/site-packages/torch/distributed/elastic/multiprocessing/errors/error_handler.py:141] no error file defined for parent, to copy child error file (/dev/shm/shawn_6175006/torchelastic_1bi8ljlw/101_6j0gklvb/attempt_0/0/error.json)
Traceback (most recent call last):
  File "/work/ec280/ec280/shawn/vtorchtitan/bin/torchrun", line 8, in <module>
    sys.exit(main())
             ^^^^^^
  File "/work/ec280/ec280/shawn/vtorchtitan/lib/python3.11/site-packages/torch/distributed/elastic/multiprocessing/errors/__init__.py", line 355, in wrapper
    return f(*args, **kwargs)
           ^^^^^^^^^^^^^^^^^^
  File "/work/ec280/ec280/shawn/vtorchtitan/lib/python3.11/site-packages/torch/distributed/run.py", line 919, in main
E1022 01:23:31.156000 4169922 /mnt/lustre/e1000/home/ec280/ec280/shawn/vtorchtitan/lib/python3.11/site-packages/torch/distributed/elastic/multiprocessing/errors/error_handler.py:141] no error file defined for parent, to copy child error file (/dev/shm/shawn_6175006/torchelastic_cyvarsiw/101_edyy30f6/attempt_0/0/error.json)
Traceback (most recent call last):
  File "/work/ec280/ec280/shawn/vtorchtitan/bin/torchrun", line 8, in <module>
    sys.exit(main())
    run(args)
  File "/work/ec280/ec280/shawn/vtorchtitan/lib/python3.11/site-packages/torch/distributed/run.py", line 910, in run
             ^^^^^^
  File "/work/ec280/ec280/shawn/vtorchtitan/lib/python3.11/site-packages/torch/distributed/elastic/multiprocessing/errors/__init__.py", line 355, in wrapper
    return f(*args, **kwargs)
           ^^^^^^^^^^^^^^^^^^
  File "/work/ec280/ec280/shawn/vtorchtitan/lib/python3.11/site-packages/torch/distributed/run.py", line 919, in main
    elastic_launch(
  File "/work/ec280/ec280/shawn/vtorchtitan/lib/python3.11/site-packages/torch/distributed/launcher/api.py", line 138, in __call__
E1022 01:23:31.158000 2730668 /mnt/lustre/e1000/home/ec280/ec280/shawn/vtorchtitan/lib/python3.11/site-packages/torch/distributed/elastic/multiprocessing/errors/error_handler.py:141] no error file defined for parent, to copy child error file (/dev/shm/shawn_6175006/torchelastic_uwxbqd_m/101_e4upoxgr/attempt_0/0/error.json)
Traceback (most recent call last):
  File "/work/ec280/ec280/shawn/vtorchtitan/bin/torchrun", line 8, in <module>
    run(args)
  File "/work/ec280/ec280/shawn/vtorchtitan/lib/python3.11/site-packages/torch/distributed/run.py", line 910, in run
    return launch_agent(self._config, self._entrypoint, list(args))
           ^^^^^^^^^^^^^^^^^^^^^^^^^^^^^^^^^^^^^^^^^^^^^^^^^^^^^^^^
    sys.exit(main())
  File "/work/ec280/ec280/shawn/vtorchtitan/lib/python3.11/site-packages/torch/distributed/launcher/api.py", line 269, in launch_agent
             ^^^^^^
  File "/work/ec280/ec280/shawn/vtorchtitan/lib/python3.11/site-packages/torch/distributed/elastic/multiprocessing/errors/__init__.py", line 355, in wrapper
    raise ChildFailedError(
    return f(*args, **kwargs)
           ^^^^^^^^^^^^^^^^^^
  File "/work/ec280/ec280/shawn/vtorchtitan/lib/python3.11/site-packages/torch/distributed/run.py", line 919, in main
torch.distributed.elastic.multiprocessing.errors.ChildFailedError: 
============================================================
./train.py FAILED
------------------------------------------------------------
Failures:
[1]:
  time      : 2024-10-22_01:23:24
  host      : r2i5n8.ib0.icexa.epcc.ed.ac.uk
  rank      : 9 (local_rank: 1)
  exitcode  : 1 (pid: 2470729)
  error_file: /dev/shm/shawn_6175006/torchelastic_1bi8ljlw/101_6j0gklvb/attempt_0/1/error.json
  traceback : Traceback (most recent call last):
    File "/work/ec280/ec280/shawn/vtorchtitan/lib/python3.11/site-packages/torch/distributed/elastic/multiprocessing/errors/__init__.py", line 355, in wrapper
      return f(*args, **kwargs)
             ^^^^^^^^^^^^^^^^^^
    File "/mnt/lustre/e1000/home/ec280/ec280/shawn/torchtitan/./train.py", line 155, in main
      pp_schedule, model_parts = models_pipelining_fns[model_name](
                                 ^^^^^^^^^^^^^^^^^^^^^^^^^^^^^^^^^^
    elastic_launch(
    File "/mnt/lustre/e1000/home/ec280/ec280/shawn/torchtitan/torchtitan/parallelisms/pipeline_llama.py", line 39, in pipeline_llama
      stages, models = pipeline_llama_manual_split(
                       ^^^^^^^^^^^^^^^^^^^^^^^^^^^^
    File "/mnt/lustre/e1000/home/ec280/ec280/shawn/torchtitan/torchtitan/parallelisms/pipeline_llama.py", line 149, in pipeline_llama_manual_split
      for stage_idx in stage_ids_this_rank(pp_rank, pp_size, num_stages, style="loop"):
                       ^^^^^^^^^^^^^^^^^^^^^^^^^^^^^^^^^^^^^^^^^^^^^^^^^^^^^^^^^^^^^^^
    File "/mnt/lustre/e1000/home/ec280/ec280/shawn/torchtitan/torchtitan/parallelisms/pipelining_utils.py", line 57, in stage_ids_this_rank
      num_stages % pp_size == 0
  AssertionError: num_stages 1 must be evenly divisible by pp_size 4
  
[2]:
  time      : 2024-10-22_01:23:24
  host      : r2i5n8.ib0.icexa.epcc.ed.ac.uk
  rank      : 11 (local_rank: 3)
  exitcode  : 1 (pid: 2470731)
  File "/work/ec280/ec280/shawn/vtorchtitan/lib/python3.11/site-packages/torch/distributed/launcher/api.py", line 138, in __call__
  error_file: /dev/shm/shawn_6175006/torchelastic_1bi8ljlw/101_6j0gklvb/attempt_0/3/error.json
  traceback : Traceback (most recent call last):
    File "/work/ec280/ec280/shawn/vtorchtitan/lib/python3.11/site-packages/torch/distributed/elastic/multiprocessing/errors/__init__.py", line 355, in wrapper
      return f(*args, **kwargs)
             ^^^^^^^^^^^^^^^^^^
    File "/mnt/lustre/e1000/home/ec280/ec280/shawn/torchtitan/./train.py", line 155, in main
      pp_schedule, model_parts = models_pipelining_fns[model_name](
                                 ^^^^^^^^^^^^^^^^^^^^^^^^^^^^^^^^^^
    File "/mnt/lustre/e1000/home/ec280/ec280/shawn/torchtitan/torchtitan/parallelisms/pipeline_llama.py", line 39, in pipeline_llama
      stages, models = pipeline_llama_manual_split(
                       ^^^^^^^^^^^^^^^^^^^^^^^^^^^^
    File "/mnt/lustre/e1000/home/ec280/ec280/shawn/torchtitan/torchtitan/parallelisms/pipeline_llama.py", line 149, in pipeline_llama_manual_split
      for stage_idx in stage_ids_this_rank(pp_rank, pp_size, num_stages, style="loop"):
                       ^^^^^^^^^^^^^^^^^^^^^^^^^^^^^^^^^^^^^^^^^^^^^^^^^^^^^^^^^^^^^^^
    File "/mnt/lustre/e1000/home/ec280/ec280/shawn/torchtitan/torchtitan/parallelisms/pipelining_utils.py", line 57, in stage_ids_this_rank
      num_stages % pp_size == 0
  AssertionError: num_stages 1 must be evenly divisible by pp_size 4
  
------------------------------------------------------------
Root Cause (first observed failure):
[0]:
  time      : 2024-10-22_01:23:24
  host      : r2i5n8.ib0.icexa.epcc.ed.ac.uk
  rank      : 8 (local_rank: 0)
  exitcode  : 1 (pid: 2470728)
  error_file: /dev/shm/shawn_6175006/torchelastic_1bi8ljlw/101_6j0gklvb/attempt_0/0/error.json
  traceback : Traceback (most recent call last):
    File "/work/ec280/ec280/shawn/vtorchtitan/lib/python3.11/site-packages/torch/distributed/elastic/multiprocessing/errors/__init__.py", line 355, in wrapper
      return f(*args, **kwargs)
             ^^^^^^^^^^^^^^^^^^
    File "/mnt/lustre/e1000/home/ec280/ec280/shawn/torchtitan/./train.py", line 155, in main
      pp_schedule, model_parts = models_pipelining_fns[model_name](
                                 ^^^^^^^^^^^^^^^^^^^^^^^^^^^^^^^^^^
    File "/mnt/lustre/e1000/home/ec280/ec280/shawn/torchtitan/torchtitan/parallelisms/pipeline_llama.py", line 39, in pipeline_llama
      stages, models = pipeline_llama_manual_split(
                       ^^^^^^^^^^^^^^^^^^^^^^^^^^^^
    File "/mnt/lustre/e1000/home/ec280/ec280/shawn/torchtitan/torchtitan/parallelisms/pipeline_llama.py", line 149, in pipeline_llama_manual_split
      for stage_idx in stage_ids_this_rank(pp_rank, pp_size, num_stages, style="loop"):
                       ^^^^^^^^^^^^^^^^^^^^^^^^^^^^^^^^^^^^^^^^^^^^^^^^^^^^^^^^^^^^^^^
    File "/mnt/lustre/e1000/home/ec280/ec280/shawn/torchtitan/torchtitan/parallelisms/pipelining_utils.py", line 57, in stage_ids_this_rank
      num_stages % pp_size == 0
  AssertionError: num_stages 1 must be evenly divisible by pp_size 4
  
============================================================
    return launch_agent(self._config, self._entrypoint, list(args))
           ^^^^^^^^^^^^^^^^^^^^^^^^^^^^^^^^^^^^^^^^^^^^^^^^^^^^^^^^
  File "/work/ec280/ec280/shawn/vtorchtitan/lib/python3.11/site-packages/torch/distributed/launcher/api.py", line 269, in launch_agent
    run(args)
  File "/work/ec280/ec280/shawn/vtorchtitan/lib/python3.11/site-packages/torch/distributed/run.py", line 910, in run
    raise ChildFailedError(
torch.distributed.elastic.multiprocessing.errors.ChildFailedError: 
============================================================
./train.py FAILED
------------------------------------------------------------
Failures:
  <NO_OTHER_FAILURES>
------------------------------------------------------------
Root Cause (first observed failure):
[0]:
  time      : 2024-10-22_01:23:24
  host      : r2i5n5.ib0.icexa.epcc.ed.ac.uk
  rank      : 0 (local_rank: 0)
  exitcode  : 1 (pid: 4170033)
  error_file: /dev/shm/shawn_6175006/torchelastic_cyvarsiw/101_edyy30f6/attempt_0/0/error.json
  traceback : Traceback (most recent call last):
    File "/work/ec280/ec280/shawn/vtorchtitan/lib/python3.11/site-packages/torch/distributed/elastic/multiprocessing/errors/__init__.py", line 355, in wrapper
      return f(*args, **kwargs)
             ^^^^^^^^^^^^^^^^^^
    File "/mnt/lustre/e1000/home/ec280/ec280/shawn/torchtitan/./train.py", line 155, in main
      pp_schedule, model_parts = models_pipelining_fns[model_name](
                                 ^^^^^^^^^^^^^^^^^^^^^^^^^^^^^^^^^^
    File "/mnt/lustre/e1000/home/ec280/ec280/shawn/torchtitan/torchtitan/parallelisms/pipeline_llama.py", line 39, in pipeline_llama
      stages, models = pipeline_llama_manual_split(
                       ^^^^^^^^^^^^^^^^^^^^^^^^^^^^
    File "/mnt/lustre/e1000/home/ec280/ec280/shawn/torchtitan/torchtitan/parallelisms/pipeline_llama.py", line 149, in pipeline_llama_manual_split
      for stage_idx in stage_ids_this_rank(pp_rank, pp_size, num_stages, style="loop"):
                       ^^^^^^^^^^^^^^^^^^^^^^^^^^^^^^^^^^^^^^^^^^^^^^^^^^^^^^^^^^^^^^^
    File "/mnt/lustre/e1000/home/ec280/ec280/shawn/torchtitan/torchtitan/parallelisms/pipelining_utils.py", line 57, in stage_ids_this_rank
      num_stages % pp_size == 0
  AssertionError: num_stages 1 must be evenly divisible by pp_size 4
  
============================================================
    elastic_launch(
  File "/work/ec280/ec280/shawn/vtorchtitan/lib/python3.11/site-packages/torch/distributed/launcher/api.py", line 138, in __call__
    return launch_agent(self._config, self._entrypoint, list(args))
           ^^^^^^^^^^^^^^^^^^^^^^^^^^^^^^^^^^^^^^^^^^^^^^^^^^^^^^^^
  File "/work/ec280/ec280/shawn/vtorchtitan/lib/python3.11/site-packages/torch/distributed/launcher/api.py", line 269, in launch_agent
    raise ChildFailedError(
torch.distributed.elastic.multiprocessing.errors.ChildFailedError: 
============================================================
./train.py FAILED
------------------------------------------------------------
Failures:
[1]:
  time      : 2024-10-22_01:23:24
  host      : r2i5n6.ib0.icexa.epcc.ed.ac.uk
  rank      : 5 (local_rank: 1)
  exitcode  : 1 (pid: 2730780)
  error_file: /dev/shm/shawn_6175006/torchelastic_uwxbqd_m/101_e4upoxgr/attempt_0/1/error.json
  traceback : Traceback (most recent call last):
    File "/work/ec280/ec280/shawn/vtorchtitan/lib/python3.11/site-packages/torch/distributed/elastic/multiprocessing/errors/__init__.py", line 355, in wrapper
      return f(*args, **kwargs)
             ^^^^^^^^^^^^^^^^^^
    File "/mnt/lustre/e1000/home/ec280/ec280/shawn/torchtitan/./train.py", line 155, in main
      pp_schedule, model_parts = models_pipelining_fns[model_name](
                                 ^^^^^^^^^^^^^^^^^^^^^^^^^^^^^^^^^^
    File "/mnt/lustre/e1000/home/ec280/ec280/shawn/torchtitan/torchtitan/parallelisms/pipeline_llama.py", line 39, in pipeline_llama
      stages, models = pipeline_llama_manual_split(
                       ^^^^^^^^^^^^^^^^^^^^^^^^^^^^
    File "/mnt/lustre/e1000/home/ec280/ec280/shawn/torchtitan/torchtitan/parallelisms/pipeline_llama.py", line 149, in pipeline_llama_manual_split
      for stage_idx in stage_ids_this_rank(pp_rank, pp_size, num_stages, style="loop"):
                       ^^^^^^^^^^^^^^^^^^^^^^^^^^^^^^^^^^^^^^^^^^^^^^^^^^^^^^^^^^^^^^^
    File "/mnt/lustre/e1000/home/ec280/ec280/shawn/torchtitan/torchtitan/parallelisms/pipelining_utils.py", line 57, in stage_ids_this_rank
      num_stages % pp_size == 0
  AssertionError: num_stages 1 must be evenly divisible by pp_size 4
  
[2]:
  time      : 2024-10-22_01:23:24
  host      : r2i5n6.ib0.icexa.epcc.ed.ac.uk
  rank      : 6 (local_rank: 2)
  exitcode  : 1 (pid: 2730781)
  error_file: /dev/shm/shawn_6175006/torchelastic_uwxbqd_m/101_e4upoxgr/attempt_0/2/error.json
  traceback : Traceback (most recent call last):
    File "/work/ec280/ec280/shawn/vtorchtitan/lib/python3.11/site-packages/torch/distributed/elastic/multiprocessing/errors/__init__.py", line 355, in wrapper
      return f(*args, **kwargs)
             ^^^^^^^^^^^^^^^^^^
    File "/mnt/lustre/e1000/home/ec280/ec280/shawn/torchtitan/./train.py", line 155, in main
      pp_schedule, model_parts = models_pipelining_fns[model_name](
                                 ^^^^^^^^^^^^^^^^^^^^^^^^^^^^^^^^^^
    File "/mnt/lustre/e1000/home/ec280/ec280/shawn/torchtitan/torchtitan/parallelisms/pipeline_llama.py", line 39, in pipeline_llama
      stages, models = pipeline_llama_manual_split(
                       ^^^^^^^^^^^^^^^^^^^^^^^^^^^^
    File "/mnt/lustre/e1000/home/ec280/ec280/shawn/torchtitan/torchtitan/parallelisms/pipeline_llama.py", line 149, in pipeline_llama_manual_split
      for stage_idx in stage_ids_this_rank(pp_rank, pp_size, num_stages, style="loop"):
                       ^^^^^^^^^^^^^^^^^^^^^^^^^^^^^^^^^^^^^^^^^^^^^^^^^^^^^^^^^^^^^^^
    File "/mnt/lustre/e1000/home/ec280/ec280/shawn/torchtitan/torchtitan/parallelisms/pipelining_utils.py", line 57, in stage_ids_this_rank
      num_stages % pp_size == 0
  AssertionError: num_stages 1 must be evenly divisible by pp_size 4
  
------------------------------------------------------------
Root Cause (first observed failure):
[0]:
  time      : 2024-10-22_01:23:24
  host      : r2i5n6.ib0.icexa.epcc.ed.ac.uk
  rank      : 4 (local_rank: 0)
  exitcode  : 1 (pid: 2730779)
  error_file: /dev/shm/shawn_6175006/torchelastic_uwxbqd_m/101_e4upoxgr/attempt_0/0/error.json
  traceback : Traceback (most recent call last):
    File "/work/ec280/ec280/shawn/vtorchtitan/lib/python3.11/site-packages/torch/distributed/elastic/multiprocessing/errors/__init__.py", line 355, in wrapper
      return f(*args, **kwargs)
             ^^^^^^^^^^^^^^^^^^
    File "/mnt/lustre/e1000/home/ec280/ec280/shawn/torchtitan/./train.py", line 155, in main
      pp_schedule, model_parts = models_pipelining_fns[model_name](
                                 ^^^^^^^^^^^^^^^^^^^^^^^^^^^^^^^^^^
    File "/mnt/lustre/e1000/home/ec280/ec280/shawn/torchtitan/torchtitan/parallelisms/pipeline_llama.py", line 39, in pipeline_llama
      stages, models = pipeline_llama_manual_split(
                       ^^^^^^^^^^^^^^^^^^^^^^^^^^^^
    File "/mnt/lustre/e1000/home/ec280/ec280/shawn/torchtitan/torchtitan/parallelisms/pipeline_llama.py", line 149, in pipeline_llama_manual_split
      for stage_idx in stage_ids_this_rank(pp_rank, pp_size, num_stages, style="loop"):
                       ^^^^^^^^^^^^^^^^^^^^^^^^^^^^^^^^^^^^^^^^^^^^^^^^^^^^^^^^^^^^^^^
    File "/mnt/lustre/e1000/home/ec280/ec280/shawn/torchtitan/torchtitan/parallelisms/pipelining_utils.py", line 57, in stage_ids_this_rank
      num_stages % pp_size == 0
  AssertionError: num_stages 1 must be evenly divisible by pp_size 4
  
============================================================
E1022 01:23:31.165000 2300699 /mnt/lustre/e1000/home/ec280/ec280/shawn/vtorchtitan/lib/python3.11/site-packages/torch/distributed/elastic/multiprocessing/errors/error_handler.py:141] no error file defined for parent, to copy child error file (/dev/shm/shawn_6175006/torchelastic_l4zj9tvf/101_a6xfyo6m/attempt_0/0/error.json)
Traceback (most recent call last):
  File "/work/ec280/ec280/shawn/vtorchtitan/bin/torchrun", line 8, in <module>
    sys.exit(main())
             ^^^^^^
  File "/work/ec280/ec280/shawn/vtorchtitan/lib/python3.11/site-packages/torch/distributed/elastic/multiprocessing/errors/__init__.py", line 355, in wrapper
    return f(*args, **kwargs)
           ^^^^^^^^^^^^^^^^^^
  File "/work/ec280/ec280/shawn/vtorchtitan/lib/python3.11/site-packages/torch/distributed/run.py", line 919, in main
    run(args)
  File "/work/ec280/ec280/shawn/vtorchtitan/lib/python3.11/site-packages/torch/distributed/run.py", line 910, in run
    elastic_launch(
  File "/work/ec280/ec280/shawn/vtorchtitan/lib/python3.11/site-packages/torch/distributed/launcher/api.py", line 138, in __call__
    return launch_agent(self._config, self._entrypoint, list(args))
           ^^^^^^^^^^^^^^^^^^^^^^^^^^^^^^^^^^^^^^^^^^^^^^^^^^^^^^^^
  File "/work/ec280/ec280/shawn/vtorchtitan/lib/python3.11/site-packages/torch/distributed/launcher/api.py", line 269, in launch_agent
    raise ChildFailedError(
torch.distributed.elastic.multiprocessing.errors.ChildFailedError: 
============================================================
./train.py FAILED
------------------------------------------------------------
Failures:
[1]:
  time      : 2024-10-22_01:23:24
  host      : r2i7n8.ib0.icexa.epcc.ed.ac.uk
  rank      : 14 (local_rank: 2)
  exitcode  : 1 (pid: 2300808)
  error_file: /dev/shm/shawn_6175006/torchelastic_l4zj9tvf/101_a6xfyo6m/attempt_0/2/error.json
  traceback : Traceback (most recent call last):
    File "/work/ec280/ec280/shawn/vtorchtitan/lib/python3.11/site-packages/torch/distributed/elastic/multiprocessing/errors/__init__.py", line 355, in wrapper
      return f(*args, **kwargs)
             ^^^^^^^^^^^^^^^^^^
    File "/mnt/lustre/e1000/home/ec280/ec280/shawn/torchtitan/./train.py", line 155, in main
      pp_schedule, model_parts = models_pipelining_fns[model_name](
                                 ^^^^^^^^^^^^^^^^^^^^^^^^^^^^^^^^^^
    File "/mnt/lustre/e1000/home/ec280/ec280/shawn/torchtitan/torchtitan/parallelisms/pipeline_llama.py", line 39, in pipeline_llama
      stages, models = pipeline_llama_manual_split(
                       ^^^^^^^^^^^^^^^^^^^^^^^^^^^^
    File "/mnt/lustre/e1000/home/ec280/ec280/shawn/torchtitan/torchtitan/parallelisms/pipeline_llama.py", line 149, in pipeline_llama_manual_split
      for stage_idx in stage_ids_this_rank(pp_rank, pp_size, num_stages, style="loop"):
                       ^^^^^^^^^^^^^^^^^^^^^^^^^^^^^^^^^^^^^^^^^^^^^^^^^^^^^^^^^^^^^^^
    File "/mnt/lustre/e1000/home/ec280/ec280/shawn/torchtitan/torchtitan/parallelisms/pipelining_utils.py", line 57, in stage_ids_this_rank
      num_stages % pp_size == 0
  AssertionError: num_stages 1 must be evenly divisible by pp_size 4
  
[2]:
  time      : 2024-10-22_01:23:24
  host      : r2i7n8.ib0.icexa.epcc.ed.ac.uk
  rank      : 15 (local_rank: 3)
  exitcode  : 1 (pid: 2300809)
  error_file: /dev/shm/shawn_6175006/torchelastic_l4zj9tvf/101_a6xfyo6m/attempt_0/3/error.json
  traceback : Traceback (most recent call last):
    File "/work/ec280/ec280/shawn/vtorchtitan/lib/python3.11/site-packages/torch/distributed/elastic/multiprocessing/errors/__init__.py", line 355, in wrapper
      return f(*args, **kwargs)
             ^^^^^^^^^^^^^^^^^^
    File "/mnt/lustre/e1000/home/ec280/ec280/shawn/torchtitan/./train.py", line 155, in main
      pp_schedule, model_parts = models_pipelining_fns[model_name](
                                 ^^^^^^^^^^^^^^^^^^^^^^^^^^^^^^^^^^
    File "/mnt/lustre/e1000/home/ec280/ec280/shawn/torchtitan/torchtitan/parallelisms/pipeline_llama.py", line 39, in pipeline_llama
      stages, models = pipeline_llama_manual_split(
                       ^^^^^^^^^^^^^^^^^^^^^^^^^^^^
    File "/mnt/lustre/e1000/home/ec280/ec280/shawn/torchtitan/torchtitan/parallelisms/pipeline_llama.py", line 149, in pipeline_llama_manual_split
      for stage_idx in stage_ids_this_rank(pp_rank, pp_size, num_stages, style="loop"):
                       ^^^^^^^^^^^^^^^^^^^^^^^^^^^^^^^^^^^^^^^^^^^^^^^^^^^^^^^^^^^^^^^
    File "/mnt/lustre/e1000/home/ec280/ec280/shawn/torchtitan/torchtitan/parallelisms/pipelining_utils.py", line 57, in stage_ids_this_rank
      num_stages % pp_size == 0
  AssertionError: num_stages 1 must be evenly divisible by pp_size 4
  
------------------------------------------------------------
Root Cause (first observed failure):
[0]:
  time      : 2024-10-22_01:23:24
  host      : r2i7n8.ib0.icexa.epcc.ed.ac.uk
  rank      : 12 (local_rank: 0)
  exitcode  : 1 (pid: 2300806)
  error_file: /dev/shm/shawn_6175006/torchelastic_l4zj9tvf/101_a6xfyo6m/attempt_0/0/error.json
  traceback : Traceback (most recent call last):
    File "/work/ec280/ec280/shawn/vtorchtitan/lib/python3.11/site-packages/torch/distributed/elastic/multiprocessing/errors/__init__.py", line 355, in wrapper
      return f(*args, **kwargs)
             ^^^^^^^^^^^^^^^^^^
    File "/mnt/lustre/e1000/home/ec280/ec280/shawn/torchtitan/./train.py", line 155, in main
      pp_schedule, model_parts = models_pipelining_fns[model_name](
                                 ^^^^^^^^^^^^^^^^^^^^^^^^^^^^^^^^^^
    File "/mnt/lustre/e1000/home/ec280/ec280/shawn/torchtitan/torchtitan/parallelisms/pipeline_llama.py", line 39, in pipeline_llama
      stages, models = pipeline_llama_manual_split(
                       ^^^^^^^^^^^^^^^^^^^^^^^^^^^^
    File "/mnt/lustre/e1000/home/ec280/ec280/shawn/torchtitan/torchtitan/parallelisms/pipeline_llama.py", line 149, in pipeline_llama_manual_split
      for stage_idx in stage_ids_this_rank(pp_rank, pp_size, num_stages, style="loop"):
                       ^^^^^^^^^^^^^^^^^^^^^^^^^^^^^^^^^^^^^^^^^^^^^^^^^^^^^^^^^^^^^^^
    File "/mnt/lustre/e1000/home/ec280/ec280/shawn/torchtitan/torchtitan/parallelisms/pipelining_utils.py", line 57, in stage_ids_this_rank
      num_stages % pp_size == 0
  AssertionError: num_stages 1 must be evenly divisible by pp_size 4
  
============================================================
srun: error: r2i5n6: task 1: Exited with exit code 1
srun: launch/slurm: _step_signal: Terminating StepId=6175006.1
slurmstepd: error: *** STEP 6175006.1 ON r2i5n5 CANCELLED AT 2024-10-22T01:23:31 ***
srun: error: r2i5n8: task 2: Exited with exit code 1
srun: error: r2i7n8: task 3: Exited with exit code 1
srun: error: r2i5n5: task 0: Exited with exit code 1
